Filename,STFMB-20200928-0105-0068_20201219_142204_002.dat
Sample Rate,2000
Sample Rate,2000
Sample Rate,2000
-0.015005859375,
0.1430751953125,
0.141,
0.2587978515625,
0.184701171875,
0.2336513671875,
0.1836025390625,
0.09656640625,
-0.0292880859375,
-0.05577734375,
-0.0866611328125,
-0.133658203125,
-0.078970703125,
-0.051138671875,
0.035287109375,
-0.0234287109375,
0.0398037109375,
0.0306484375,
0.10828515625,
-0.0048740234375,
0.0607998046875,
-0.0578525390625,
-0.0494296875,
-0.1537998046875,
-0.1216953125,
-0.1799228515625,
-0.153677734375,
-0.1735751953125,
-0.17589453125,
-0.0939853515625,
-0.0279453125,
0.026009765625,
-0.056998046875,
0.005501953125,
-0.0073154296875,
0.040658203125,
-0.01378515625,
0.03504296875,
-0.098990234375,
0.019173828125,
0.01209375,
0.1081630859375,
0.0847255859375,
0.135140625,
0.0280849609375,
0.060921875,
0.139046875,
0.1782314453125,
0.187875,
0.08875390625,
-0.0201328125,
-0.173453125,
-0.2001865234375,
-0.202505859375,
-0.179068359375,
-0.3195712890625,
-0.2443759765625,
-0.1704013671875,
0.0222255859375,
0.1101162109375,
0.2216884765625,
0.1718837890625,
0.271859375,
0.1928798828125,
0.2087490234375,
0.1923916015625,
0.101205078125,
-0.021353515625,
-0.0947177734375,
-0.2350986328125,
-0.229361328125,
-0.1822421875,
-0.0746982421875,
-0.0029208984375,
-0.0541904296875,
0.0910732421875,
0.16053125,
0.156380859375,
0.242806640625,
0.36609765625,
0.1923916015625,
0.1230556640625,
0.0384609375,
0.0371181640625,
-0.1357333984375,
-0.16612890625,
-0.3073642578125,
-0.3139560546875,
-0.34972265625,
-0.1594150390625,
-0.10069921875,
-0.0493076171875,
0.0476162109375,
0.139046875,
0.1784755859375,
0.12391015625,
0.2487880859375,
0.1491787109375,
0.060677734375,
-0.0356357421875,
-0.00047949218749999,
-0.0578525390625,
0.0693447265625,
-0.0273349609375,
0.0200283203125,
-0.0725009765625,
0.0410244140625,
0.0466396484375,
0.08094140625,
-0.0095126953125,
-0.12608984375,
-0.1916416015625,
-0.1523349609375,
-0.2040927734375,
-0.254263671875,
-0.1596591796875,
-0.3012607421875,
-0.2216708984375,
-0.1608798828125,
0.0813076171875,
0.0891201171875,
0.170541015625,
0.141732421875,
0.3730556640625,
0.2517177734375,
0.36512109375,
0.3259365234375,
0.2021572265625,
0.0361416015625,
0.00025292968750001,
-0.067984375,
-0.1557529296875,
-0.20812109375,
-0.23741796875,
-0.16222265625,
-0.1743076171875,
0.0122158203125,
0.184701171875,
0.2553798828125,
0.2265712890625,
0.2783291015625,
0.103158203125,
0.007943359375,
-0.1138828125,
-0.0937412109375,
-0.2197177734375,
-0.2941806640625,
-0.23839453125,
-0.10460546875,
-0.0593173828125,
0.125619140625,
0.218392578125,
0.150765625,
0.1316005859375,
0.1611416015625,
0.1009609375,
-0.0766513671875,
-0.2331455078125,
-0.24132421875,
-0.243765625,
-0.2704990234375,
-0.124380859375,
-0.07384375,
-0.0075595703125,
0.0532314453125,
0.274544921875,
0.3073818359375,
0.4069912109375,
0.30066796875,
0.2802822265625,
0.1745693359375,
0.1577236328125,
-0.0175693359375,
-0.042837890625,
-0.1823642578125,
-0.36046484375,
-0.455923828125,
-0.503775390625,
-0.4413974609375,
-0.3478916015625,
-0.097037109375,
-0.0212314453125,
0.0947353515625,
0.1901943359375,
0.43933984375,
0.40027734375,
0.5134365234375,
0.4423916015625,
0.3557216796875,
-0.050162109375,
-0.134634765625,
-0.153189453125,
-0.1021640625,
-0.2297275390625,
-0.233755859375,
-0.3427646484375,
-0.3503330078125,
-0.117056640625,
0.1230556640625,
0.2063076171875,
0.156625,
0.2653896484375,
0.2142421875,
0.240853515625,
0.2395107421875,
0.2187587890625,
-0.045279296875,
-0.1779697265625,
-0.324576171875,
-0.3110263671875,
-0.3727939453125,
-0.307486328125,
-0.2687900390625,
-0.2424228515625,
-0.017935546875,
0.22449609375,
0.1975185546875,
0.1497890625,
0.1377041015625,
0.1494228515625,
0.150765625,
0.1342861328125,
0.069955078125,
-0.0673740234375,
-0.1451328125,
-0.2416904296875,
-0.2228916015625,
-0.1996982421875,
-0.1169345703125,
-0.1713779296875,
-0.070669921875,
-0.0104892578125,
0.0931484375,
0.14344140625,
0.204720703125,
0.1789638671875,
0.2558681640625,
0.2533046875,
0.2199794921875,
0.079720703125,
-0.092642578125,
-0.187369140625,
-0.2531650390625,
-0.218130859375,
-0.1664951171875,
0.026498046875,
0.1162197265625,
0.27430078125,
0.202767578125,
0.2575771484375,
0.2336513671875,
0.3071376953125,
0.07703515625,
0.10144921875,
-0.1381748046875,
-0.19884375,
-0.3083408203125,
-0.2714755859375,
-0.2541416015625,
-0.133658203125,
-0.0844638671875,
0.00965234375,
0.1966640625,
0.165658203125,
0.153451171875,
0.0581142578125,
0.07019921875,
0.01209375,
0.0462734375,
-0.0978916015625,
-0.1191318359375,
-0.2385166015625,
-0.170767578125,
-0.0827548828125,
0.0932705078125,
0.0661708984375,
0.076546875,
-0.011099609375,
0.0149013671875,
0.0808193359375,
0.146859375,
0.130013671875,
0.0075771484375,
-0.0461337890625,
-0.0483310546875,
0.0283291015625,
0.10535546875,
0.2357265625,
0.1693203125,
0.154916015625,
0.0766689453125,
0.165658203125,
0.1416103515625,
0.12781640625,
-0.0163486328125,
-0.0539462890625,
-0.1625888671875,
-0.19151953125,
-0.2678134765625,
-0.28233984375,
-0.323111328125,
-0.2538974609375,
-0.227896484375,
-0.0380771484375,
0.0837490234375,
0.0964443359375,
0.0666591796875,
0.082162109375,
0.2312099609375,
0.281625,
0.26941796875,
0.0639736328125,
-0.0263583984375,
-0.146353515625,
-0.1216953125,
-0.2189853515625,
-0.2145908203125,
-0.321890625,
-0.2673251953125,
-0.27355078125,
-0.0502841796875,
0.05555078125,
0.2561123046875,
0.2026455078125,
0.2334072265625,
0.25183984375,
0.2287685546875,
0.2116787109375,
0.076791015625,
-0.0725009765625,
-0.2455966796875,
-0.2905185546875,
-0.44884375,
-0.2568271484375,
-0.141470703125,
-0.0798251953125,
-0.1003330078125,
0.1411220703125,
0.086068359375,
0.24598046875,
0.2358486328125,
0.196419921875,
0.138314453125,
0.1176845703125,
0.0578701171875,
0.08484765625,
0.09070703125,
0.0736171875,
0.127083984375,
0.0783779296875,
0.0267421875,
-0.0158603515625,
0.0129482421875,
-0.074576171875,
-0.111685546875,
-0.2548740234375,
-0.2067783203125,
-0.2177646484375,
-0.1279208984375,
-0.1799228515625,
-0.1882236328125,
-0.2243564453125,
-0.0865390625,
0.0532314453125,
0.0571376953125,
-0.0103671875,
0.005501953125,
0.068978515625,
0.20887109375,
0.2827236328125,
0.2753994140625,
0.1809169921875,
0.06336328125,
0.010384765625,
-0.02745703125,
-0.0551669921875,
-0.2277744140625,
-0.2827060546875,
-0.343375,
-0.173453125,
-0.044791015625,
0.1283046875,
0.179330078125,
0.255013671875,
0.1494228515625,
0.1901943359375,
0.1025478515625,
0.050423828125,
-0.0839755859375,
-0.1855380859375,
-0.2790439453125,
-0.2626865234375,
-0.230337890625,
-0.0974033203125,
0.1096279296875,
0.153939453125,
0.275765625,
0.2827236328125,
0.2941982421875,
0.2181484375,
0.2578212890625,
0.0112392578125,
-0.1452548828125,
-0.2431552734375,
-0.218619140625,
-0.33312109375,
-0.1457431640625,
-0.0759189453125,
0.033333984375,
0.224251953125,
0.4660732421875,
0.4760830078125,
0.4067470703125,
0.4189541015625,
0.24793359375,
0.164681640625,
0.0737392578125,
-0.0295322265625,
-0.38194921875,
-0.505484375,
-0.6060703125,
-0.54259375,
-0.578970703125,
-0.4379794921875,
-0.3933017578125,
-0.3013828125,
-0.204703125,
0.09754296875,
0.2707607421875,
0.4218837890625,
0.4985439453125,
0.446908203125,
0.336556640625,
0.26746484375,
0.148568359375,
-0.0212314453125,
-0.0515048828125,
-0.105826171875,
-0.234,
-0.3527744140625,
-0.3112705078125,
-0.2858798828125,
-0.0856845703125,
0.0066005859375,
0.1814052734375,
0.2150966796875,
0.308724609375,
0.2868740234375,
0.377083984375,
0.3295986328125,
0.232552734375,
-0.0871494140625,
-0.146353515625,
-0.2665927734375,
-0.266958984375,
-0.3000400390625,
-0.26280859375,
-0.2246005859375,
-0.012564453125,
0.179330078125,
0.1496669921875,
0.2392666015625,
0.1049892578125,
0.1243984375,
0.1264736328125,
0.104623046875,
-0.002798828125,
-0.040884765625,
-0.2741611328125,
-0.1369541015625,
-0.1454990234375,
-0.0884921875,
-0.1454990234375,
-0.1357333984375,
-0.064322265625,
0.047494140625,
0.0581142578125,
0.10535546875,
-0.0142734375,
-0.1530673828125,
0.079232421875,
0.1997158203125,
0.2602626953125,
0.1213466796875,
-0.022818359375,
-0.222525390625,
-0.214712890625,
-0.1794345703125,
0.107552734375,
0.092904296875,
0.0783779296875,
0.1093837890625,
0.2456142578125,
0.2500087890625,
0.408822265625,
0.42859765625,
0.2504970703125,
0.0742275390625,
-0.0856845703125,
-0.18468359375,
-0.262564453125,
-0.27452734375,
-0.212759765625,
-0.1564853515625,
-0.2756259765625,
-0.1242587890625,
0.0200283203125,
0.084115234375,
0.032357421875,
0.037484375,
-0.1345126953125,
-0.1330478515625,
-0.1420810546875,
-0.07042578125,
-0.15831640625,
-0.2614658203125,
-0.190298828125,
0.013802734375,
0.10584375,
0.224251953125,
0.1445400390625,
0.0422451171875,
-0.036001953125,
-0.04259375,
0.10242578125,
0.0102626953125,
-0.13390234375,
-0.185904296875,
-0.129751953125,
-0.0163486328125,
0.208626953125,
0.1621181640625,
0.16590234375,
0.091439453125,
0.1621181640625,
0.113900390625,
0.2307216796875,
0.121224609375,
0.1416103515625,
-0.0412509765625,
-0.127798828125,
-0.13585546875,
-0.1049716796875,
-0.08800390625,
-0.1640537109375,
-0.2177646484375,
-0.1435458984375,
0.1419765625,
0.1110927734375,
0.1936123046875,
0.1533291015625,
0.1584560546875,
0.113412109375,
0.3220302734375,
0.2851650390625,
0.256478515625,
0.044076171875,
-0.016470703125,
-0.1406162109375,
-0.214712890625,
-0.2175205078125,
-0.26085546875,
-0.2614658203125,
-0.3248203125,
-0.240591796875,
-0.1516025390625,
-0.035025390625,
0.031625,
0.1755458984375,
0.12586328125,
0.2026455078125,
0.15613671875,
0.1123134765625,
0.026498046875,
0.05896875,
-0.0908115234375,
-0.099234375,
-0.0729892578125,
-0.058462890625,
-0.0074375,
-0.077994140625,
-0.0422275390625,
0.0512783203125,
0.1087734375,
0.0190517578125,
-0.0689609375,
-0.2037265625,
-0.21300390625,
-0.25304296875,
-0.057974609375,
0.0853359375,
0.169564453125,
0.1301357421875,
0.2429287109375,
0.1882412109375,
0.3400966796875,
0.339486328125,
0.240853515625,
0.0041591796875,
-0.0844638671875,
-0.2729404296875,
-0.2880771484375,
-0.3144443359375,
-0.232046875,
-0.208853515625,
-0.1889560546875,
-0.135123046875,
-0.01769140625,
0.075326171875,
0.1020595703125,
0.2868740234375,
0.2793056640625,
0.2552578125,
0.251107421875,
0.284798828125,
0.0896083984375,
0.0752041015625,
0.0568935546875,
0.099251953125,
-0.01134375,
-0.0314853515625,
-0.2031162109375,
-0.3098056640625,
-0.3149326171875,
-0.2067783203125,
-0.06847265625,
-0.0884921875,
0.003548828125,
0.1176845703125,
0.25769921875,
0.2373134765625,
0.2856533203125,
0.120248046875,
0.002572265625,
-0.2497470703125,
-0.19884375,
-0.3345859375,
-0.286490234375,
-0.4006259765625,
-0.2536533203125,
-0.094595703125,
0.1224453125,
0.1986171875,
0.2937099609375,
0.279671875,
0.091439453125,
0.0305263671875,
-0.167837890625,
-0.27159765625,
-0.2397373046875,
-0.137076171875,
-0.3532626953125,
-0.2720859375,
-0.2690341796875,
-0.1403720703125,
0.0461513671875,
0.4401943359375,
0.4956142578125,
0.4843837890625,
0.2365810546875,
0.3244716796875,
0.379037109375,
0.33680078125,
0.288216796875,
0.077767578125,
-0.2336337890625,
-0.38487890625,
-0.482291015625,
-0.50011328125,
-0.4428623046875,
-0.4732578125,
-0.3007724609375,
-0.2993076171875,
-0.0699375,
0.116830078125,
0.372201171875,
0.4731533203125,
0.6560146484375,
0.6555263671875,
0.50183984375,
0.258919921875,
0.021859375,
-0.17296484375,
-0.25401953125,
-0.34386328125,
-0.4675205078125,
-0.4787509765625,
-0.383169921875,
-0.2087314453125,
-0.0259921875,
0.2259609375,
0.3232509765625,
0.4382412109375,
0.3366787109375,
0.369515625,
0.2910244140625,
0.17371484375,
-0.07384375,
-0.2427890625,
-0.42296484375,
-0.3576572265625,
-0.487662109375,
-0.3459384765625,
-0.2597568359375,
-0.0084140625,
0.1203701171875,
0.2202236328125,
0.2680751953125,
0.2302333984375,
0.18836328125,
0.239388671875,
0.184701171875,
-0.080435546875,
-0.1099765625,
-0.24571875,
-0.18370703125,
-0.1567294921875,
-0.0546787109375,
-0.1318271484375,
0.0310146484375,
0.0385830078125,
0.2409755859375,
0.2553798828125,
0.3142177734375,
0.152474609375,
0.010873046875,
-0.02696875,
0.0542080078125,
0.09266015625,
-0.0517490234375,
-0.302359375,
-0.4284580078125,
-0.3873203125,
-0.25499609375,
0.04578515625,
0.1523525390625,
0.3704921875,
0.355599609375,
0.3972255859375,
0.3232509765625,
0.3967373046875,
0.23816796875,
0.108529296875,
-0.0864169921875,
-0.226431640625,
-0.398306640625,
-0.4362705078125,
-0.359732421875,
-0.3091953125,
-0.135123046875,
0.1235439453125,
0.31678125,
0.3833095703125,
0.3835537109375,
0.193490234375,
0.05896875,
-0.0947177734375,
-0.0327060546875,
-0.156119140625,
-0.3249423828125,
-0.555044921875,
-0.52696875,
-0.411978515625,
-0.00060156249999999,
0.3496181640625,
0.47742578125,
0.2509853515625,
0.2749111328125,
0.260140625,
0.287728515625,
0.255990234375,
0.189583984375,
-0.1158359375,
-0.3325107421875,
-0.373404296875,
-0.29405859375,
-0.0773837890625,
-0.004751953125,
0.080697265625,
0.0368740234375,
0.085091796875,
0.2014248046875,
0.37293359375,
0.1836025390625,
0.16834375,
0.0239345703125,
0.00867578125,
-0.15196875,
-0.228873046875,
-0.3256748046875,
-0.3644931640625,
-0.42589453125,
-0.334341796875,
-0.1264560546875,
-0.035513671875,
0.099984375,
0.1652919921875,
0.2417080078125,
0.26746484375,
0.4450771484375,
0.4487392578125,
0.37098046875,
0.07508203125,
0.01209375,
-0.1315830078125,
-0.2184970703125,
-0.2636630859375,
-0.22862890625,
-0.4140537109375,
-0.427359375,
-0.286978515625,
-0.1138828125,
0.0661708984375,
0.1478359375,
0.2461025390625,
0.287728515625,
0.2834560546875,
0.3164150390625,
0.3007900390625,
0.0658046875,
-0.0344150390625,
-0.23009375,
-0.1679599609375,
-0.1296298828125,
-0.0803134765625,
-0.0952060546875,
0.0012294921875,
-0.0318515625,
0.0446865234375,
0.116341796875,
0.0866787109375,
-0.1313388671875,
-0.239126953125,
-0.325064453125,
-0.1765048828125,
-0.1079013671875,
0.0048916015625,
-0.0131748046875,
0.0378505859375,
0.156380859375,
0.213265625,
0.264046875,
0.2396328125,
0.2451259765625,
0.0588466796875,
-0.032583984375,
-0.1724765625,
-0.2331455078125,
-0.327017578125,
-0.351919921875,
-0.3391025390625,
-0.06358984375,
-0.021353515625,
0.0864345703125,
0.0881435546875,
0.1035244140625,
0.1167080078125,
0.238412109375,
0.276498046875,
0.241830078125,
0.13855859375,
0.0300380859375,
0.06238671875,
0.003548828125,
0.0952236328125,
0.0185634765625,
-0.08946875,
-0.33019140625,
-0.218619140625,
-0.276724609375,
-0.1169345703125,
-0.0515048828125,
0.014046875,
0.0324794921875,
0.214486328125,
0.277474609375,
0.353646484375,
0.3335048828125,
0.1530849609375,
-0.0034091796875,
-0.134146484375,
-0.1975009765625,
-0.294302734375,
-0.3503330078125,
-0.3576572265625,
-0.2275302734375,
-0.1694248046875,
0.0755703125,
0.2016689453125,
0.2617275390625,
0.1556484375,
0.150521484375,
-0.027212890625,
-0.033072265625,
-0.056265625,
-0.0754306640625,
-0.1362216796875,
-0.12706640625,
-0.128287109375,
-0.0483310546875,
-0.039419921875,
0.1464931640625,
0.27820703125,
0.2988369140625,
0.2826015625,
0.2458583984375,
0.3076259765625,
0.3073818359375,
0.2812587890625,
0.1071865234375,
-0.0571201171875,
-0.30480078125,
-0.324576171875,
-0.386099609375,
-0.41710546875,
-0.534537109375,
-0.493033203125,
-0.466177734375,
-0.192740234375,
-0.0134189453125,
0.23426171875,
0.3000576171875,
0.316048828125,
0.435677734375,
0.4565517578125,
0.4069912109375,
0.2045986328125,
0.0315029296875,
-0.1841953125,
-0.1744296875,
-0.244498046875,
-0.1920078125,
-0.225943359375,
-0.1359775390625,
-0.1393955078125,
0.11219140625,
0.2009365234375,
0.38855859375,
0.3171474609375,
0.23523828125,
0.09803125,
-0.00023535156249999,
-0.12218359375,
-0.1540439453125,
-0.245474609375,
-0.3290927734375,
-0.3522861328125,
-0.3972080078125,
-0.2001865234375,
-0.0700595703125,
0.0815517578125,
0.2319423828125,
0.2861416015625,
0.139291015625,
0.1848232421875,
0.085580078125,
0.0903408203125,
-0.0371005859375,
-0.157583984375,
-0.2897861328125,
-0.22472265625,
-0.0961826171875,
0.0014736328125,
0.0285732421875,
0.0712978515625,
0.0778896484375,
0.18396875,
0.23328515625,
0.187142578125,
0.1103603515625,
-0.015005859375,
-0.047720703125,
0.032357421875,
0.067513671875,
-0.123892578125,
-0.272330078125,
-0.4020908203125,
-0.308951171875,
-0.127798828125,
0.0993740234375,
0.201546875,
0.26941796875,
0.2924892578125,
0.4084560546875,
0.3767177734375,
0.370248046875,
0.2126552734375,
-0.0074375,
-0.2213046875,
-0.27843359375,
-0.3502109375,
-0.39562109375,
-0.2753818359375,
-0.27062109375,
-0.0883701171875,
0.074837890625,
0.3381435546875,
0.350228515625,
0.3422939453125,
0.0249111328125,
-0.0212314453125,
-0.157583984375,
-0.0861728515625,
-0.1401279296875,
-0.2556064453125,
-0.4615390625,
-0.4604404296875,
-0.372916015625,
-0.0432041015625,
0.301400390625,
0.449349609375,
0.511361328125,
0.3584072265625,
0.2929775390625,
0.356576171875,
0.38367578125,
0.1379482421875,
-0.0624912109375,
-0.29601171875,
-0.2228916015625,
-0.316763671875,
-0.2031162109375,
-0.194205078125,
-0.1423251953125,
-0.137564453125,
0.031625,
0.0976650390625,
0.1623623046875,
0.2155849609375,
0.127328125,
0.1118251953125,
0.132455078125,
0.14148828125,
0.0068447265625,
-0.1724765625,
-0.3015048828125,
-0.23253515625,
-0.19884375,
-0.0670078125,
-0.0707919921875,
-0.01183203125,
-0.0805576171875,
0.0658046875,
0.146859375,
0.2072841796875,
0.2856533203125,
0.2507412109375,
0.0244228515625,
-0.07530859375,
-0.1516025390625,
-0.16124609375,
-0.181265625,
-0.262564453125,
-0.3072421875,
-0.3906162109375,
-0.2994296875,
-0.082388671875,
0.0544521484375,
0.03601953125,
0.2370693359375,
0.236458984375,
0.2768642578125,
0.209359375,
0.19031640625,
0.039193359375,
0.00672265625,
-0.0908115234375,
0.1042568359375,
0.0503017578125,
0.11365625,
0.0586025390625,
0.0996181640625,
0.129037109375,
0.22303125,
0.132943359375,
-0.044791015625,
-0.0988681640625,
-0.2460849609375,
-0.189322265625,
-0.091666015625,
0.0063564453125,
-0.0300205078125,
0.047005859375,
-0.0368564453125,
0.092171875,
0.118783203125,
0.2356044921875,
0.1458828125,
0.08777734375,
0.0228359375,
-0.0339267578125,
-0.1447666015625,
-0.240103515625,
-0.23448828125,
-0.2353427734375,
-0.1384189453125,
-0.09874609375,
0.0278408203125,
0.043099609375,
0.104623046875,
0.12391015625,
0.2131435546875,
0.11805078125,
0.249642578125,
0.1555263671875,
0.0639736328125,
-0.0776279296875,
-0.053091796875,
-0.119009765625,
-0.060416015625,
-0.1379306640625,
-0.2553623046875,
-0.353384765625,
-0.2958896484375,
-0.1830966796875,
-0.0670078125,
0.064583984375,
0.1552822265625,
0.28113671875,
0.32459375,
0.464486328125,
0.40027734375,
0.34168359375,
0.1302578125,
0.008919921875,
-0.2263095703125,
-0.240591796875,
-0.3662021484375,
-0.386587890625,
-0.4118564453125,
-0.303091796875,
-0.1723544921875,
0.0644619140625,
0.0842373046875,
0.1517421875,
0.159798828125,
0.182015625,
0.14832421875,
0.0857021484375,
0.03601953125,
0.0131923828125,
-0.033072265625,
-0.0943515625,
-0.093130859375,
-0.1774814453125,
-0.0778720703125,
-0.0259921875,
0.127328125,
0.1672451171875,
0.2121669921875,
0.214974609375,
0.3642666015625,
0.3752529296875,
0.3991787109375,
0.1800625,
-0.067251953125,
-0.2031162109375,
-0.350455078125,
-0.3775546875,
-0.4457919921875,
-0.5004794921875,
-0.62608984375,
-0.490103515625,
-0.2954013671875,
0.0549404296875,
0.1145107421875,
0.3286220703125,
0.365609375,
0.47303125,
0.4065029296875,
0.39539453125,
0.1728603515625,
0.0384609375,
-0.190787109375,
-0.2839267578125,
-0.306998046875,
-0.33800390625,
-0.26769140625,
-0.1957919921875,
-0.0427158203125,
0.07019921875,
0.3105556640625,
0.299203125,
0.3232509765625,
0.2202236328125,
0.209115234375,
0.0246669921875,
-0.07335546875,
-0.3022373046875,
-0.2209384765625,
-0.327017578125,
-0.3019931640625,
-0.2939365234375,
-0.264517578125,
-0.1813876953125,
-0.0454013671875,
0.1252529296875,
0.2233974609375,
0.2207119140625,
0.2103359375,
0.2376796875,
0.0979091796875,
0.059701171875,
0.0129482421875,
0.076791015625,
0.0677578125,
0.1267177734375,
0.0124599609375,
-0.03038671875,
-0.103140625,
-0.0590732421875,
0.09656640625,
0.16785546875,
0.0695888671875,
0.0205166015625,
-0.153921875,
-0.098501953125,
0.0969326171875,
0.135140625,
0.028451171875,
-0.1613681640625,
-0.2397373046875,
-0.2780673828125,
-0.1220615234375,
0.01941796875,
0.214974609375,
0.15711328125,
0.2201015625,
0.1853115234375,
0.2697841796875,
0.272591796875,
0.3079921875,
0.0727626953125,
-0.0073154296875,
-0.2094638671875,
-0.1574619140625,
-0.20616796875,
-0.0949619140625,
-0.00072363281249999,
0.113900390625,
0.166146484375,
0.1604091796875,
0.16297265625,
0.0483486328125,
-0.0397861328125,
-0.2065341796875,
-0.2607333984375,
-0.3713291015625,
-0.377310546875,
-0.49913671875,
-0.3806064453125,
-0.3547275390625,
-0.1264560546875,
0.115365234375,
0.360482421875,
0.357552734375,
0.4025966796875,
0.3129970703125,
0.3027431640625,
0.2922451171875,
0.1829921875,
0.1184169921875,
-0.0963046875,
-0.1892001953125,
-0.16905859375,
-0.11046484375,
-0.170279296875,
-0.0805576171875,
-0.1119296875,
0.0083095703125,
0.0051357421875,
0.1384365234375,
0.048958984375,
0.0087978515625,
-0.0407626953125,
0.069955078125,
0.1029140625,
0.068734375,
-0.0473544921875,
-0.204947265625,
-0.302603515625,
-0.1992099609375,
-0.1105869140625,
-0.0268466796875,
0.0427333984375,
0.060189453125,
0.0529873046875,
0.0564052734375,
0.273080078125,
0.3986904296875,
0.45984765625,
0.3754970703125,
0.358529296875,
0.1640712890625,
0.0892421875,
-0.0490634765625,
-0.143912109375,
-0.315298828125,
-0.3486240234375,
-0.4741123046875,
-0.41710546875,
-0.3443515625,
-0.15245703125,
0.05359765625,
0.19129296875,
0.22547265625,
0.2636806640625,
0.1818935546875,
0.0507900390625,
0.0373623046875,
-0.0817783203125,
0.01258203125,
0.010140625,
-0.0220859375,
-0.1225498046875,
-0.062125,
-0.142935546875,
0.0394375,
0.041146484375,
0.10828515625,
-0.0178134765625,
-0.0904453125,
-0.0905673828125,
-0.0427158203125,
0.0080654296875,
0.0988857421875,
0.0825283203125,
-0.0588291015625,
-0.0165927734375,
-0.150259765625,
-0.1215732421875,
-0.0699375,
-0.0226962890625,
-0.1225498046875,
-0.1362216796875,
-0.2785556640625,
-0.1020419921875,
-0.1008212890625,
0.00574609375,
0.1015712890625,
0.234017578125,
0.2229091796875,
0.2993251953125,
0.269173828125,
0.1906826171875,
0.1215908203125,
0.1513759765625,
0.1355068359375,
0.027962890625,
0.00476953125,
-0.028189453125,
-0.0123203125,
-0.0380771484375,
0.02137109375,
-0.063345703125,
-0.067984375,
-0.1528232421875,
-0.144400390625,
-0.1889560546875,
-0.0961826171875,
-0.09288671875,
0.010873046875,
0.031625,
0.0752041015625,
0.099251953125,
0.2514736328125,
0.247689453125,
0.23133203125,
0.1086513671875,
-0.0480869140625,
-0.224966796875,
-0.302603515625,
-0.3171298828125,
-0.359244140625,
-0.2790439453125,
-0.2818515625,
-0.110220703125,
-0.0280673828125,
0.1311123046875,
0.163705078125,
0.2126552734375,
0.051888671875,
0.0754482421875,
-0.07384375,
-0.0139072265625,
0.0066005859375,
0.0322353515625,
-0.016958984375,
-0.0121982421875,
-0.1457431640625,
-0.124869140625,
0.03113671875,
0.0998623046875,
0.2282802734375,
0.1826259765625,
0.19226953125,
0.20594140625,
0.347298828125,
0.283333984375,
0.194466796875,
-0.0429599609375,
-0.1264560546875,
-0.3266513671875,
-0.30187109375,
-0.3857333984375,
-0.2978427734375,
-0.3502109375,
-0.3052890625,
-0.20519140625,
-0.040884765625,
0.1159755859375,
0.19910546875,
0.2961513671875,
0.3607265625,
0.353646484375,
0.2888271484375,
0.2229091796875,
-0.0483310546875,
-0.151236328125,
-0.2387607421875,
-0.3085849609375,
-0.390982421875,
-0.255484375,
-0.223990234375,
-0.0070712890625,
0.137337890625,
0.35242578125,
0.40711328125,
0.4036953125,
0.3266689453125,
0.2656337890625,
0.102181640625,
-0.018912109375,
-0.192251953125,
-0.3615634765625,
-0.4101474609375,
-0.325552734375,
-0.282095703125,
-0.2487705078125,
-0.1076572265625,
-0.074576171875,
0.088998046875,
0.240609375,
0.422494140625,
0.3486416015625,
0.3079921875,
0.09021875,
-0.098990234375,
-0.315787109375,
-0.2377841796875,
-0.2148349609375,
-0.0744541015625,
-0.051626953125,
0.0229580078125,
0.060921875,
0.119515625,
0.2142421875,
0.24305078125,
0.2739345703125,
0.1616298828125,
0.0686123046875,
-0.145376953125,
-0.154166015625,
-0.15196875,
-0.121451171875,
-0.258169921875,
-0.106314453125,
-0.1518466796875,
-0.0864169921875,
-0.013052734375,
0.2182705078125,
0.2407314453125,
0.3752529296875,
0.2961513671875,
0.26941796875,
0.1167080078125,
0.002083984375,
-0.0143955078125,
-0.0600498046875,
-0.11632421875,
-0.221060546875,
-0.352896484375,
-0.42882421875,
-0.236197265625,
-0.11241796875,
0.171517578125,
0.1931240234375,
0.199837890625,
0.1281826171875,
0.1955654296875,
0.1478359375,
0.1308681640625,
0.04187890625,
-0.0963046875,
-0.3142001953125,
-0.392935546875,
-0.3933017578125,
-0.3447177734375,
-0.333365234375,
-0.0942294921875,
0.171029296875,
0.34558984375,
0.45496484375,
0.499154296875,
0.4896328125,
0.3764736328125,
0.3776943359375,
0.2220546875,
0.09558984375,
-0.1816318359375,
-0.216421875,
-0.2145908203125,
-0.146841796875,
-0.159537109375,
-0.155630859375,
-0.2748935546875,
-0.1386630859375,
-0.0644443359375,
-0.0092685546875,
-0.04796484375,
-0.0847080078125,
-0.042349609375,
0.01844140625,
-0.007193359375,
-0.04503515625,
0.0808193359375,
-0.0163486328125,
-0.0082919921875,
-0.128775390625,
-0.1042392578125,
-0.053091796875,
0.1779873046875,
0.17615625,
0.2566005859375,
0.0776455078125,
0.1701748046875,
0.1667568359375,
0.1699306640625,
0.1633388671875,
0.1074306640625,
-0.142935546875,
-0.252310546875,
-0.26183203125,
-0.2834384765625,
-0.224234375,
-0.2543857421875,
-0.20421484375,
-0.2192294921875,
-0.0700595703125,
0.093392578125,
0.269662109375,
0.20691796875,
0.2983486328125,
0.108041015625,
0.0175869140625,
-0.0844638671875,
-0.1069248046875,
-0.089224609375,
0.00049707031250001,
0.047494140625,
0.144173828125,
0.1732265625,
0.0605556640625,
0.092416015625,
0.1396572265625,
0.125619140625,
0.1389248046875,
0.1533291015625,
-0.05773046875,
-0.1392734375,
-0.11339453125,
-0.103384765625,
-0.2233798828125,
-0.1740634765625,
-0.1896884765625,
-0.2016513671875,
-0.1874912109375,
-0.088736328125,
-0.0659091796875,
-0.0034091796875,
-0.0707919921875,
-0.0773837890625,
-0.1706455078125,
-0.1098544921875,
0.0033046875,
0.1146328125,
0.15516015625,
0.1494228515625,
0.1521083984375,
0.0794765625,
0.1800625,
0.1291591796875,
0.2492763671875,
0.1569912109375,
0.1157314453125,
-0.0014560546875,
0.06141015625,
-0.0300205078125,
0.00965234375,
-0.112662109375,
-0.15050390625,
-0.30821875,
-0.390982421875,
-0.39025,
-0.20714453125,
-0.17882421875,
-0.0334384765625,
0.1975185546875,
0.2417080078125,
0.3798916015625,
0.4599697265625,
0.526009765625,
0.3742763671875,
0.3208095703125,
0.080208984375,
0.0394375,
-0.195669921875,
-0.2182529296875,
-0.3990390625,
-0.4443271484375,
-0.5602939453125,
-0.4162509765625,
-0.2643955078125,
-0.1340244140625,
0.1040126953125,
0.212044921875,
0.277474609375,
0.287728515625,
0.3112880859375,
0.2064296875,
0.198373046875,
0.0814296875,
0.0537197265625,
-0.1144931640625,
-0.17687109375,
-0.334341796875,
-0.28526953125,
-0.1796787109375,
0.07605859375,
0.0864345703125,
0.1250087890625,
0.0551845703125,
0.0449306640625,
0.10242578125,
0.1955654296875,
0.2104580078125,
0.103158203125,
-0.0856845703125,
-0.2297275390625,
-0.2724521484375,
-0.32775,
-0.2729404296875,
-0.239859375,
-0.158072265625,
-0.149771484375,
0.0344326171875,
0.0793544921875,
0.2493984375,
0.3178798828125,
0.3935634765625,
0.268197265625,
0.1374599609375,
-0.056021484375,
-0.14415625,
-0.2873447265625,
-0.1589267578125,
-0.1323154296875,
-0.1264560546875,
-0.13390234375,
-0.068716796875,
0.0981533203125,
0.2089931640625,
0.3107998046875,
0.2714931640625,
0.361458984375,
0.1655361328125,
0.0833828125,
-0.0493076171875,
-0.19151953125,
-0.350455078125,
-0.2299716796875,
-0.2897861328125,
-0.2382724609375,
-0.2917392578125,
-0.1865146484375,
-0.0930087890625,
0.07703515625,
0.2688076171875,
0.41883203125,
0.244515625,
0.042611328125,
0.0524990234375,
-0.0104892578125,
0.0913173828125,
0.1301357421875,
0.0691005859375,
-0.1359775390625,
-0.1464755859375,
-0.2287509765625,
-0.0078037109375,
0.01990625,
0.193734375,
0.069955078125,
0.049935546875,
-0.0725009765625,
-0.001822265625,
0.019173828125,
-0.0298984375,
-0.0226962890625,
-0.07237890625,
-0.02843359375,
-0.046255859375,
0.03308984375,
0.0271083984375,
0.0647060546875,
0.0102626953125,
0.1643154296875,
0.0622646484375,
0.0842373046875,
0.0424892578125,
0.13709375,
0.060677734375,
0.0730068359375,
-0.0246494140625,
-0.0494296875,
-0.0432041015625,
-0.03917578125,
-0.028921875,
0.0744716796875,
0.209603515625,
0.1877529296875,
0.2080166015625,
-0.01671484375,
-0.2226474609375,
-0.1625888671875,
-0.144400390625,
-0.30284765625,
-0.23009375,
-0.3737705078125,
-0.397818359375,
-0.3068759765625,
-0.1091220703125,
0.052865234375,
0.14246484375,
0.1062099609375,
0.2578212890625,
0.3139736328125,
0.3823330078125,
0.4082119140625,
0.359505859375,
0.1843349609375,
0.0710537109375,
-0.0123203125,
-0.07384375,
-0.03038671875,
0.0173427734375,
0.0927822265625,
0.0439541015625,
0.0605556640625,
0.0605556640625,
0.1106044921875,
-0.0556552734375,
-0.1557529296875,
-0.3063876953125,
-0.1457431640625,
-0.1540439453125,
-0.048453125,
-0.1347568359375,
-0.1569736328125,
-0.2145908203125,
-0.0659091796875,
0.002083984375,
0.00281640625,
0.0910732421875,
0.1074306640625,
0.15808984375,
0.1538173828125,
0.2592861328125,
0.226205078125,
0.1325771484375,
-0.04259375,
0.0617763671875,
-0.007681640625,
-0.0224521484375,
-0.13390234375,
-0.0922763671875,
-0.1386630859375,
-0.097525390625,
-0.200552734375,
-0.1933505859375,
-0.2683017578125,
-0.2175205078125,
0.0070888671875,
0.03308984375,
0.03406640625,
0.0517666015625,
-0.0165927734375,
-0.1420810546875,
-0.0427158203125,
-0.030875,
0.06824609375,
-0.0204990234375,
-0.0114658203125,
-0.0217197265625,
0.0625087890625,
0.0341884765625,
0.12976953125,
0.0463955078125,
-0.0036533203125,
-0.0377109375,
0.0012294921875,
0.091439453125,
0.249642578125,
0.3142177734375,
0.294076171875,
0.1933681640625,
0.08484765625,
0.04383203125,
-0.03038671875,
-0.0988681640625,
-0.212759765625,
-0.1845615234375,
-0.228384765625,
-0.2592685546875,
-0.3552158203125,
-0.3671787109375,
-0.4199130859375,
-0.2502353515625,
-0.0051181640625,
0.3518154296875,
0.4211513671875,
0.555306640625,
0.51209375,
0.531625,
0.4543544921875,
0.4919521484375,
0.3919765625,
0.113412109375,
-0.13292578125,
-0.2834384765625,
-0.397330078125,
-0.4575107421875,
-0.3767001953125,
-0.37999609375,
-0.281607421875,
-0.220572265625,
-0.01964453125,
0.0432216796875,
0.28211328125,
0.2985927734375,
0.252328125,
0.061654296875,
0.046517578125,
-0.1247470703125,
-0.118521484375,
-0.2136142578125,
-0.312857421875,
-0.26769140625,
-0.1484287109375,
0.0117275390625,
0.0454189453125,
0.0664150390625,
0.0579921875,
0.0249111328125,
-0.112173828125,
-0.0162265625,
-0.1291416015625,
-0.0812900390625,
-0.08214453125,
0.102669921875,
0.0962001953125,
0.1206142578125,
0.068490234375,
0.1501552734375,
0.1159755859375,
0.2319423828125,
0.34021875,
0.262337890625,
0.175912109375,
0.079720703125,
-0.05040625,
-0.0761630859375,
0.0639736328125,
0.0100185546875,
-0.0786044921875,
-0.22374609375,
-0.199576171875,
-0.2408359375,
-0.2026279296875,
-0.15636328125,
-0.0074375,
-0.12804296875,
-0.0956943359375,
0.0034267578125,
0.147591796875,
0.236947265625,
0.34949609375,
0.16101953125,
0.1001064453125,
-0.0842197265625,
-0.1738193359375,
-0.19054296875,
-0.170767578125,
-0.0649326171875,
0.0561611328125,
0.0449306640625,
0.0024501953125,
0.0532314453125,
-0.059439453125,
0.0175869140625,
-0.0539462890625,
-0.0485751953125,
-0.140005859375,
-0.1120517578125,
-0.177603515625,
-0.005240234375,
0.07312890625,
0.137337890625,
0.0200283203125,
0.04285546875,
0.0825283203125,
0.06922265625,
-0.015982421875,
-0.0119541015625,
0.08973046875,
-0.0349033203125,
-0.07335546875,
-0.144888671875,
-0.23448828125,
-0.2495029296875,
0.05262109375,
0.130013671875,
0.219857421875,
0.1425869140625,
0.2138759765625,
0.0026943359375,
-0.0480869140625,
-0.1480625,
-0.1364658203125,
-0.1804111328125,
-0.1433017578125,
-0.093130859375,
-0.016958984375,
-0.00084570312499999,
0.038705078125,
0.1718837890625,
0.1281826171875,
0.0970546875,
0.015267578125,
-0.049185546875,
-0.113150390625,
-0.0888583984375,
-0.1464755859375,
-0.05480078125,
-0.028189453125,
0.0559169921875,
0.0550625,
0.2122890625,
0.28406640625,
0.39148828125,
0.3977138671875,
0.3354580078125,
0.126107421875,
-0.0087802734375,
-0.2116611328125,
-0.222525390625,
-0.2014072265625,
-0.2004306640625,
-0.20128515625,
-0.098990234375,
-0.0309970703125,
0.0234462890625,
0.12488671875,
0.1059658203125,
0.214974609375,
0.1005947265625,
0.064828125,
0.0234462890625,
0.0461513671875,
-0.072623046875,
-0.00047949218749999,
-0.137076171875,
-0.2133701171875,
-0.3012607421875,
-0.248404296875,
-0.3012607421875,
-0.2665927734375,
-0.19054296875,
-0.0869052734375,
0.043099609375,
0.17225,
0.3437587890625,
0.3364345703125,
0.3757412109375,
0.32898828125,
0.3298427734375,
0.204232421875,
0.1416103515625,
-0.065787109375,
-0.030630859375,
-0.14269140625,
-0.1633212890625,
-0.2310703125,
-0.2148349609375,
-0.29894140625,
-0.26915625,
-0.14464453125,
-0.0681064453125,
-0.0988681640625,
-0.0944736328125,
-0.1274326171875,
-0.174673828125,
-0.072623046875,
0.0404140625,
0.056283203125,
0.0998623046875,
0.209115234375,
0.13269921875,
0.1899501953125,
0.2971279296875,
0.4382412109375,
0.2627041015625,
0.1279384765625,
0.02430078125,
-0.0485751953125,
-0.0878818359375,
-0.039908203125,
-0.0371005859375,
-0.05040625,
-0.0688388671875,
-0.0451572265625,
-0.06261328125,
-0.0319736328125,
0.0111171875,
-0.0480869140625,
-0.045767578125,
-0.038443359375,
0.0048916015625,
-0.0725009765625,
-0.044302734375,
-0.1923740234375,
-0.1715,
-0.153677734375,
-0.0181796875,
-0.0524814453125,
-0.00206640625,
-0.0988681640625,
-0.00084570312499999,
0.0595791015625,
0.154916015625,
0.06824609375,
-0.00792578125,
-0.055533203125,
-0.040396484375,
0.0197841796875,
0.106087890625,
0.1579677734375,
0.1245205078125,
0.1595546875,
0.058236328125,
0.0449306640625,
-0.043326171875,
-0.01573828125,
-0.121451171875,
-0.036978515625,
-0.040884765625,
-0.0180576171875,
-0.14269140625,
-0.1080234375,
-0.1987216796875,
-0.3254306640625,
-0.3671787109375,
-0.257193359375,
-0.057486328125,
0.0192958984375,
0.09949609375,
0.141732421875,
0.2561123046875,
0.397103515625,
0.585580078125,
0.607552734375,
0.6064541015625,
0.4253017578125,
0.241341796875,
-0.017935546875,
-0.0910556640625,
-0.25206640625,
-0.36730078125,
-0.544791015625,
-0.61144140625,
-0.5554111328125,
-0.315787109375,
-0.128287109375,
0.068978515625,
0.2197353515625,
0.27527734375,
0.21521875,
0.135140625,
0.114388671875,
0.0485927734375,
-0.002310546875,
-0.1196201171875,
-0.005484375,
0.0130703125,
0.0911953125,
0.0229580078125,
0.0876552734375,
0.03406640625,
0.0451748046875,
-0.1080234375,
-0.1559970703125,
-0.2182529296875,
-0.3072421875,
-0.3566806640625,
-0.133169921875,
-0.0095126953125,
0.1640712890625,
0.223275390625,
0.16101953125,
0.201791015625,
0.280892578125,
0.2841884765625,
0.1779873046875,
0.1706630859375,
0.007455078125,
-0.0494296875,
-0.1396396484375,
-0.08214453125,
-0.035025390625,
0.0815517578125,
-0.0761630859375,
-0.05675390625,
-0.1835849609375,
-0.1435458984375,
-0.1920078125,
-0.1787021484375,
-0.1262119140625,
-0.032828125,
0.077279296875,
0.2318203125,
0.3303310546875,
0.30848046875,
0.28992578125,
0.1369716796875,
0.103646484375,
-0.0612705078125,
-0.145865234375,
-0.29259375,
-0.2263095703125,
-0.3248203125,
-0.1765048828125,
-0.18663671875,
-0.0248935546875,
0.0443203125,
0.13172265625,
0.1657802734375,
0.18543359375,
0.1731044921875,
0.088509765625,
0.0122158203125,
-0.0378330078125,
-0.0580966796875,
-0.1420810546875,
-0.06456640625,
-0.08605078125,
0.01355859375,
0.050423828125,
0.1623623046875,
0.0883876953125,
0.1445400390625,
0.037484375,
-0.0386875,
-0.1848056640625,
-0.154166015625,
-0.048697265625,
-0.0266025390625,
-0.0654208984375,
-0.0084140625,
-0.0175693359375,
-0.0978916015625,
-0.0175693359375,
0.068490234375,
0.030404296875,
-0.030142578125,
-0.0495517578125,
-0.1247470703125,
-0.02696875,
0.0476162109375,
0.1745693359375,
0.113412109375,
0.197640625,
0.2019130859375,
0.1682216796875,
0.0026943359375,
-0.0200107421875,
-0.0722568359375,
-0.11144140625,
-0.244986328125,
-0.203482421875,
-0.1373203125,
-0.112662109375,
0.0803310546875,
0.19129296875,
0.237923828125,
0.2024013671875,
0.3073818359375,
0.1240322265625,
0.0618984375,
-0.077505859375,
-0.06603125,
-0.18761328125,
-0.1787021484375,
-0.2944248046875,
-0.2297275390625,
-0.186880859375,
0.030892578125,
0.069955078125,
0.2561123046875,
0.190072265625,
0.156869140625,
0.072884765625,
-0.0505283203125,
-0.0471103515625,
-0.053580078125,
-0.063833984375,
-0.1555087890625,
-0.1430576171875,
-0.1850498046875,
-0.0390537109375,
-0.0417392578125,
0.1430751953125,
0.0228359375,
0.0061123046875,
-0.1845615234375,
-0.120962890625,
-0.056021484375,
0.0691005859375,
0.099984375,
0.1762783203125,
0.1774990234375,
0.1029140625,
0.225716796875,
0.2048427734375,
0.2119228515625,
0.1023037109375,
0.074349609375,
-0.0681064453125,
-0.05577734375,
-0.135611328125,
-0.0615146484375,
-0.1340244140625,
-0.1384189453125,
-0.1901767578125,
-0.0805576171875,
-0.1623447265625,
-0.135123046875,
-0.1342685546875,
-0.109244140625,
-0.01769140625,
-0.0226962890625,
-0.0678623046875,
-0.032828125,
0.0896083984375,
0.1608974609375,
0.288705078125,
0.11121484375,
0.10047265625,
-0.0386875,
-0.0463779296875,
-0.125845703125,
-0.0607822265625,
-0.1857822265625,
-0.0533359375,
-0.03331640625,
-0.0085361328125,
0.0368740234375,
0.10828515625,
0.0830166015625,
0.152962890625,
0.07019921875,
0.108529296875,
0.1152431640625,
0.095833984375,
0.0686123046875,
0.0349208984375,
-0.0949619140625,
-0.1181552734375,
-0.1457431640625,
-0.1374423828125,
0.002328125,
-0.0178134765625,
0.0815517578125,
0.0722744140625,
0.0852138671875,
0.062630859375,
0.12879296875,
-0.016470703125,
0.0351650390625,
-0.082388671875,
0.00049707031250001,
-0.0070712890625,
0.0698330078125,
0.1303798828125,
0.1569912109375,
0.1331875,
0.12781640625,
0.166146484375,
0.0739833984375,
0.1020595703125,
-0.0041416015625,
-0.004263671875,
-0.0883701171875,
-0.114859375,
-0.306998046875,
-0.3825595703125,
-0.4741123046875,
-0.33312109375,
-0.3095615234375,
-0.131216796875,
-0.02062109375,
0.0550625,
0.0075771484375,
0.1189052734375,
0.228158203125,
0.3330166015625,
0.43348046875,
0.410287109375,
0.37781640625,
0.2644130859375,
0.1704189453125,
0.01453515625,
-0.12901953125,
-0.4003818359375,
-0.4250400390625,
-0.5634677734375,
-0.4411533203125,
-0.37853125,
-0.1315830078125,
0.0632412109375,
0.3073818359375,
0.3469326171875,
0.4187099609375,
0.263314453125,
0.137826171875,
0.1087734375,
0.0319912109375,
-0.0844638671875,
-0.2155673828125,
-0.4088046875,
-0.37999609375,
-0.2839267578125,
-0.192984375,
0.0384609375,
0.1164638671875,
0.199837890625,
0.19715234375,
0.2649013671875,
0.1845791015625,
0.2175380859375,
0.0892421875,
-0.032095703125,
-0.108267578125,
-0.0580966796875,
-0.0465,
0.1645595703125,
0.1484462890625,
0.12488671875,
0.1283046875,
0.2397548828125,
0.3315517578125,
0.247201171875,
0.18738671875,
0.0503017578125,
0.0227138671875,
-0.04210546875,
-0.030630859375,
-0.2170322265625,
-0.396109375,
-0.6513583984375,
-0.6181552734375,
-0.6030185546875,
-0.4062412109375,
-0.268423828125,
-0.0246494140625,
0.0644619140625,
0.31629296875,
0.3881923828125,
0.369759765625,
0.4040615234375,
0.4130947265625,
0.324837890625,
0.150521484375,
0.00098535156250001,
-0.1928623046875,
-0.3161533203125,
-0.373892578125,
-0.3403232421875,
-0.3388583984375,
-0.1840732421875,
-0.099478515625,
0.0815517578125,
0.1019375,
0.3050625,
0.279916015625,
0.320443359375,
0.2380458984375,
0.1123134765625,
-0.1430576171875,
-0.3032138671875,
-0.34093359375,
-0.2433994140625,
-0.228140625,
-0.107046875,
-0.00060156249999999,
-0.082388671875,
0.0451748046875,
0.1753017578125,
0.259408203125,
0.2766201171875,
0.377083984375,
0.222298828125,
0.13465234375,
0.010384765625,
-0.0240390625,
-0.1445224609375,
-0.1777255859375,
-0.2409580078125,
-0.1960361328125,
-0.20226171875,
0.004525390625,
0.13709375,
0.230599609375,
0.151986328125,
0.1484462890625,
0.1098720703125,
0.055794921875,
0.085580078125,
0.01990625,
-0.06358984375,
-0.195181640625,
-0.217642578125,
-0.2946689453125,
-0.209830078125,
-0.19884375,
0.004525390625,
0.01355859375,
0.20398828125,
0.266,
0.4274990234375,
0.3422939453125,
0.2614833984375,
0.1037685546875,
0.0290615234375,
-0.155142578125,
-0.2475498046875,
-0.2097080078125,
-0.2726962890625,
-0.2534091796875,
-0.188345703125,
-0.0168369140625,
0.1047451171875,
0.2727138671875,
0.261849609375,
0.281380859375,
0.06531640625,
0.03894921875,
-0.0400302734375,
-0.0976474609375,
-0.26769140625,
-0.319205078125,
-0.4763095703125,
-0.457388671875,
-0.3198154296875,
-0.071890625,
0.0786220703125,
0.137337890625,
0.242806640625,
0.300423828125,
0.2113125,
0.1674892578125,
0.220345703125,
0.0337001953125,
-0.04796484375,
-0.07775,
0.0334560546875,
0.031625,
0.076791015625,
0.0234462890625,
0.1347744140625,
0.0677578125,
0.109505859375,
0.1557705078125,
0.1458828125,
0.05359765625,
0.0778896484375,
0.0122158203125,
-0.0161044921875,
-0.0764072265625,
-0.0748203125,
-0.155875,
-0.2553623046875,
-0.1596591796875,
-0.087271484375,
-0.10167578125,
-0.1249912109375,
0.04187890625,
0.0444423828125,
0.135384765625,
0.146126953125,
0.2119228515625,
0.1245205078125,
0.150521484375,
0.0800869140625,
0.2048427734375,
0.049935546875,
-0.0646884765625,
-0.223501953125,
-0.244498046875,
-0.2048251953125,
-0.03136328125,
0.0131923828125,
-0.0407626953125,
0.0202724609375,
-0.0161044921875,
0.067513671875,
0.0637294921875,
0.119271484375,
0.043587890625,
0.027962890625,
-0.1763828125,
-0.17540625,
-0.2134921875,
-0.117056640625,
-0.189078125,
-0.0932529296875,
-0.1060703125,
-0.01671484375,
-0.00304296875,
0.0962001953125,
0.1243984375,
0.0813076171875,
0.05555078125,
0.039681640625,
0.0200283203125,
-0.1099765625,
-0.1413486328125,
-0.0996005859375,
-0.0043857421875,
-0.04112890625,
0.20691796875,
0.232064453125,
0.1950771484375,
0.1123134765625,
0.1254970703125,
0.0224697265625,
0.1030361328125,
0.074349609375,
-0.048208984375,
-0.252798828125,
-0.3132236328125,
-0.20519140625,
-0.1064365234375,
-0.068716796875,
-0.017935546875,
-0.0607822265625,
-0.0703037109375,
0.0258876953125,
0.172494140625,
0.3607265625,
0.31678125,
0.3222744140625,
0.22058984375,
0.21180078125,
0.20203515625,
0.198861328125,
0.0024501953125,
-0.0761630859375,
-0.3339755859375,
-0.4101474609375,
-0.4516513671875,
-0.291373046875,
-0.245962890625,
-0.0396640625,
0.0400478515625,
0.222787109375,
0.396126953125,
0.3503505859375,
0.248177734375,
0.18348046875,
0.0739833984375,
-0.1240146484375,
-0.16515234375,
-0.3830478515625,
-0.4619052734375,
-0.4487216796875,
-0.2548740234375,
-0.1828525390625,
-0.0373447265625,
0.0378505859375,
0.1576015625,
0.07898828125,
0.1318447265625,
0.1157314453125,
0.0730068359375,
0.0618984375,
0.1019375,
0.0651943359375,
-0.0600498046875,
0.01062890625,
0.08973046875,
0.108041015625,
0.078255859375,
0.18152734375,
0.09558984375,
0.2279140625,
0.25867578125,
0.2705166015625,
0.0647060546875,
0.0549404296875,
-0.1254794921875,
-0.1955478515625,
-0.2418125,
-0.214224609375,
-0.245962890625,
-0.261587890625,
-0.2763583984375,
-0.1935947265625,
-0.0982578125,
-0.0192783203125,
0.0654384765625,
0.0839931640625,
0.159798828125,
0.171029296875,
0.2634365234375,
0.23523828125,
0.22644921875,
0.0852138671875,
-0.0095126953125,
-0.185171875,
-0.131216796875,
-0.1480625,
-0.11534765625,
-0.097037109375,
-0.041861328125,
-0.1325595703125,
0.0197841796875,
0.1232998046875,
0.17225,
0.124154296875,
0.1204921875,
0.064828125,
-0.0074375,
-0.116568359375,
-0.238150390625,
-0.2299716796875,
-0.3774326171875,
-0.3903720703125,
-0.254751953125,
-0.0620029296875,
-0.023794921875,
0.17762109375,
0.1826259765625,
0.35584375,
0.418587890625,
0.41101953125,
0.2268154296875,
0.05945703125,
-0.103384765625,
-0.23253515625,
-0.3381259765625,
-0.3461826171875,
-0.24230078125,
-0.25792578125,
-0.1120517578125,
-0.1218173828125,
0.014291015625,
0.175912109375,
0.338265625,
0.2463466796875,
0.3154384765625,
0.1433193359375,
0.150765625,
-0.0187900390625,
-0.0123203125,
-0.1353671875,
-0.20323828125,
-0.2482822265625,
-0.1530673828125,
-0.0388095703125,
0.1428310546875,
0.2568447265625,
0.2126552734375,
0.2426845703125,
0.2747890625,
0.25867578125,
0.128060546875,
0.080208984375,
-0.0639560546875,
-0.0787265625,
-0.1425693359375,
-0.0910556640625,
-0.2424228515625,
-0.28624609375,
-0.3120029296875,
-0.137076171875,
0.020150390625,
0.300912109375,
0.3945400390625,
0.2954189453125,
0.0891201171875,
0.0075771484375,
-0.0676181640625,
-0.0805576171875,
-0.0851962890625,
-0.2424228515625,
-0.4269931640625,
-0.535513671875,
-0.2910068359375,
-0.0494296875,
0.0892421875,
0.0610439453125,
0.1816494140625,
0.1071865234375,
0.189828125,
0.3151943359375,
0.37098046875,
0.2631923828125,
0.1882412109375,
-0.0478427734375,
-0.11534765625,
-0.18468359375,
-0.144888671875,
-0.0336826171875,
-0.0434482421875,
-0.0338046875,
-0.0598056640625,
-0.0275791015625,
-0.07775,
-0.0175693359375,
-0.024283203125,
-0.00694921875,
-0.0971591796875,
0.0083095703125,
-0.0204990234375,
0.0061123046875,
-0.0588291015625,
0.08484765625,
0.0063564453125,
0.0940029296875,
0.0385830078125,
0.0439541015625,
-0.00206640625,
0.0334560546875,
0.1440517578125,
0.1711513671875,
0.1650478515625,
0.09266015625,
-0.05675390625,
-0.2285068359375,
-0.1381748046875,
-0.1913974609375,
-0.16808203125,
-0.187125,
-0.0373447265625,
-0.1745517578125,
-0.0678623046875,
0.0073330078125,
0.2045986328125,
0.172005859375,
0.240853515625,
0.2534267578125,
0.1462490234375,
0.103158203125,
0.041390625,
-0.0451572265625,
-0.2446201171875,
-0.2114169921875,
-0.2350986328125,
-0.1225498046875,
-0.06066015625,
0.1228115234375,
0.1047451171875,
0.1712734375,
0.0755703125,
0.1550380859375,
-0.0045078125,
-0.0808017578125,
-0.1359775390625,
-0.108267578125,
-0.039908203125,
0.086068359375,
0.096078125,
0.017220703125,
-0.0847080078125,
-0.0141513671875,
0.0871669921875,
0.00025292968750001,
0.0371181640625,
0.031625,
0.0112392578125,
-0.0458896484375,
0.0175869140625,
-0.1011875,
-0.0659091796875,
-0.0515048828125,
0.022103515625,
-0.0322177734375,
-0.0402744140625,
-0.066763671875,
-0.05821875,
-0.0759189453125,
0.1184169921875,
0.12586328125,
0.0722744140625,
0.0228359375,
0.059701171875,
0.0737392578125,
0.1611416015625,
0.2104580078125,
0.1113369140625,
0.049935546875,
-0.1069248046875,
-0.1235263671875,
-0.21202734375,
-0.130484375,
-0.0463779296875,
0.07703515625,
0.033822265625,
0.1684658203125,
0.1518642578125,
0.3867275390625,
0.3197109375,
0.3781826171875,
0.304330078125,
0.08484765625,
-0.143912109375,
-0.2822177734375,
-0.3400791015625,
-0.393912109375,
-0.320669921875,
-0.33409765625,
-0.29894140625,
-0.2954013671875,
-0.077505859375,
-0.0060947265625,
0.150033203125,
0.2063076171875,
0.3244716796875,
0.193734375,
0.187142578125,
0.088998046875,
0.075326171875,
0.0644619140625,
0.0429775390625,
-0.070181640625,
-0.1718662109375,
-0.32042578125,
-0.3315341796875,
-0.170767578125,
-0.038931640625,
0.1167080078125,
0.1630947265625,
0.2312099609375,
0.1931240234375,
0.24402734375,
0.187630859375,
0.166146484375,
-0.0851962890625,
-0.2307041015625,
-0.4927890625,
-0.5183017578125,
-0.575552734375,
-0.4963291015625,
-0.40343359375,
-0.2153232421875,
-0.0234287109375,
0.2746669921875,
0.3236171875,
0.412484375,
0.533578125,
0.434701171875,
0.2570888671875,
0.099740234375,
-0.048697265625,
-0.237662109375,
-0.2297275390625,
-0.1391513671875,
0.0345546875,
0.04871484375,
0.1633388671875,
0.1572353515625,
0.20398828125,
0.192025390625,
0.381966796875,
0.1994716796875,
0.052865234375,
-0.1642978515625,
-0.200552734375,
-0.3166416015625,
-0.29405859375,
-0.19933203125,
-0.0810458984375,
-0.1286533203125,
-0.1999423828125,
-0.089712890625,
-0.103384765625,
0.0566494140625,
0.2363369140625,
0.293587890625,
0.1203701171875,
0.1115810546875,
-0.02062109375,
0.068001953125,
0.1069423828125,
0.1857998046875,
-0.0064609375,
-0.1144931640625,
-0.206412109375,
-0.174673828125,
-0.0876376953125,
0.074837890625,
0.135384765625,
0.108041015625,
0.11316796875,
0.0560390625,
0.0404140625,
0.0327236328125,
-0.012564453125,
-0.1334140625,
-0.21593359375,
-0.3737705078125,
-0.2421787109375,
-0.20519140625,
0.0278408203125,
0.1462490234375,
0.2697841796875,
0.307015625,
0.4370205078125,
0.368783203125,
0.2552578125,
0.14637109375,
0.060189453125,
-0.0695712890625,
-0.1911533203125,
-0.342642578125,
-0.4420078125,
-0.5080478515625,
-0.314078125,
0.128548828125,
0.342904296875,
0.491830078125,
0.42469140625,
0.307015625,
0.1335537109375,
0.192513671875,
0.0853359375,
-0.0873935546875,
-0.4449375,
-0.502798828125,
-0.5703037109375,
-0.5334384765625,
-0.4517734375,
-0.1433017578125,
-0.0851962890625,
0.0310146484375,
0.208626953125,
0.331673828125,
0.385384765625,
0.4709560546875,
0.5468837890625,
0.3764736328125,
0.236458984375,
0.0981533203125,
0.0517666015625,
-0.1002109375,
-0.0915439453125,
-0.1599033203125,
-0.121451171875,
-0.1906650390625,
-0.057486328125,
-0.1569736328125,
-0.2094638671875,
-0.239859375,
-0.1445224609375,
-0.124380859375,
0.0107509765625,
0.1243984375,
0.166146484375,
0.234505859375,
0.1582119140625,
0.1328212890625,
0.0339443359375,
-0.0826328125,
-0.20519140625,
-0.161734375,
-0.2036044921875,
-0.1138828125,
-0.053580078125,
0.0398037109375,
0.01648828125,
0.1342861328125,
0.0976650390625,
0.0971767578125,
-0.0031650390625,
-0.0283115234375,
-0.059439453125,
-0.138541015625,
-0.1627109375,
-0.06554296875,
-0.0607822265625,
-0.085318359375,
0.00098535156250001,
0.1071865234375,
0.1516201171875,
0.148080078125,
0.1185390625,
-0.037955078125,
-0.0793369140625,
-0.17394140625,
-0.14562109375,
-0.1324375,
0.019173828125,
0.0842373046875,
0.170296875,
0.159310546875,
0.218880859375,
0.12391015625,
0.1081630859375,
0.025765625,
-0.0886142578125,
-0.2575595703125,
-0.2285068359375,
-0.159537109375,
-0.0497958984375,
0.0808193359375,
0.15125390625,
0.205697265625,
0.0697109375,
0.1071865234375,
0.04871484375,
0.03016015625,
-0.0392978515625,
0.0305263671875,
-0.144888671875,
-0.1291416015625,
-0.1921298828125,
-0.1696689453125,
-0.2167880859375,
-0.0855625,
0.03113671875,
0.18836328125,
0.195931640625,
0.199837890625,
0.2131435546875,
0.1517421875,
0.196419921875,
0.1545498046875,
0.1159755859375,
-0.0552890625,
-0.1423251953125,
-0.19151953125,
-0.0829990234375,
-0.1529453125,
-0.1496494140625,
-0.2988193359375,
-0.3688876953125,
-0.4904697265625,
-0.345328125,
-0.2067783203125,
-0.0661533203125,
0.0864345703125,
0.2780849609375,
0.2158291015625,
0.2741787109375,
0.37683984375,
0.4350673828125,
0.3608486328125,
0.32117578125,
0.2114345703125,
-0.086783203125,
-0.1699130859375,
-0.2429111328125,
-0.20812109375,
-0.32335546875,
-0.2846591796875,
-0.399283203125,
-0.3110263671875,
-0.2387607421875,
-0.01866796875,
0.1074306640625,
0.1341640625,
0.0775234375,
0.1413662109375,
0.14490625,
0.1794521484375,
0.2631923828125,
0.2795498046875,
0.25183984375,
0.2396328125,
0.2382900390625,
0.10828515625,
-0.0353916015625,
-0.1852939453125,
-0.1324375,
-0.2304599609375,
-0.145376953125,
-0.0025546875,
0.166390625,
0.20789453125,
0.3586513671875,
0.2939541015625,
0.2714931640625,
0.081185546875,
0.016732421875,
-0.151236328125,
-0.288443359375,
-0.378287109375,
-0.3337314453125,
-0.3037021484375,
-0.3146884765625,
-0.1950595703125,
-0.139029296875,
-0.0324619140625,
0.035287109375,
0.1126796875,
0.0158779296875,
-0.0068271484375,
-0.1021640625,
0.0358974609375,
-0.037955078125,
-0.02257421875,
-0.0554111328125,
0.01990625,
0.0676357421875,
0.221322265625,
0.2624599609375,
0.35047265625,
0.3381435546875,
0.1623623046875,
0.0678798828125,
-0.1699130859375,
-0.3027255859375,
-0.2621982421875,
-0.1806552734375,
-0.21202734375,
-0.2573154296875,
-0.2514560546875,
-0.1083896484375,
-0.1345126953125,
0.102181640625,
0.078744140625,
-0.076529296875,
0.0100185546875,
0.255990234375,
0.2425625,
0.37195703125,
0.2614833984375,
0.0283291015625,
-0.099478515625,
-0.119009765625,
-0.0966708984375,
-0.14562109375,
-0.20128515625,
-0.0826328125,
0.0752041015625,
0.0998623046875,
0.26746484375,
0.2898037109375,
0.2454921875,
0.1018154296875,
0.083626953125,
-0.01378515625,
-0.0754306640625,
-0.1494052734375,
-0.2369296875,
-0.3964755859375,
-0.3112705078125,
-0.2538974609375,
0.0361416015625,
0.1497890625,
0.231087890625,
0.282357421875,
0.353646484375,
0.3850185546875,
0.328255859375,
0.1794521484375,
-0.095572265625,
-0.1735751953125,
-0.271109375,
-0.2545078125,
-0.3735263671875,
-0.321890625,
-0.29112890625,
0.0080654296875,
0.1621181640625,
0.4350673828125,
0.3862392578125,
0.28553125,
0.15271875,
0.1682216796875,
0.165169921875,
0.016732421875,
-0.12023046875,
-0.362662109375,
-0.49816015625,
-0.653677734375,
-0.486197265625,
-0.30187109375,
-0.1733310546875,
-0.21105078125,
-0.029166015625,
0.005990234375,
0.222787109375,
0.3332607421875,
0.50428125,
0.429818359375,
0.394173828125,
0.1997158203125,
0.1569912109375,
0.0307705078125,
-0.028677734375,
0.0222255859375,
-0.0544345703125,
-0.14366796875,
-0.1013095703125,
-0.126333984375,
-0.22569921875,
-0.1235263671875,
-0.172720703125,
-0.067740234375,
-0.0717685546875,
0.00013085937500001,
0.0072109375,
0.12146875,
0.1442958984375,
0.246712890625,
0.2297451171875,
0.1650478515625,
0.0962001953125,
0.059701171875,
0.00013085937500001,
0.01844140625,
0.080453125,
0.10535546875,
0.075814453125,
0.064583984375,
0.037728515625,
-0.007681640625,
-0.0761630859375,
-0.1750400390625,
-0.140005859375,
-0.222525390625,
-0.153921875,
-0.1547763671875,
-0.1027744140625,
-0.03233984375,
0.0775234375,
0.0554287109375,
0.18543359375,
0.1850673828125,
0.225716796875,
0.0911953125,
-0.0268466796875,
-0.1830966796875,
-0.2841708984375,
-0.27257421875,
-0.229849609375,
-0.1476962890625,
-0.1367099609375,
0.0970546875,
0.1887294921875,
0.290658203125,
0.21473046875,
0.2192470703125,
0.0451748046875,
0.027474609375,
-0.1393955078125,
-0.058462890625,
-0.1496494140625,
-0.0607822265625,
-0.1030185546875,
-0.0351474609375,
-0.036978515625,
0.0337001953125,
-0.05284765625,
-0.0722568359375,
0.0263759765625,
-0.014517578125,
0.0388271484375,
-0.0475986328125,
-0.095572265625,
-0.189810546875,
-0.1215732421875,
-0.163443359375,
0.0156337890625,
-0.00401953125,
0.086068359375,
0.032845703125,
0.1760341796875,
0.210091796875,
0.374642578125,
0.3236171875,
0.3454677734375,
0.2431728515625,
0.104134765625,
0.0925380859375,
0.0603115234375,
0.01648828125,
-0.084830078125,
-0.1705234375,
-0.3964755859375,
-0.46202734375,
-0.6003330078125,
-0.515494140625,
-0.5095126953125,
-0.2475498046875,
0.0022060546875,
0.2883388671875,
0.385140625,
0.5944912109375,
0.6450283203125,
0.700814453125,
0.644173828125,
0.4915859375,
0.1872646484375,
-0.1191318359375,
-0.4025791015625,
-0.4770419921875,
-0.44884375,
-0.5407626953125,
-0.5414951171875,
-0.5549228515625,
-0.37218359375,
-0.1689365234375,
0.01844140625,
0.0944912109375,
0.21521875,
0.1865322265625,
0.252328125,
0.20691796875,
0.1616298828125,
0.101693359375,
0.193001953125,
0.114876953125,
0.04773828125,
-0.1021640625,
-0.0549228515625,
-0.13194921875,
-0.1188876953125,
-0.02843359375,
-0.00047949218749999,
0.097298828125,
0.063119140625,
0.1213466796875,
0.13758203125,
0.244271484375,
0.238900390625,
0.2614833984375,
0.036263671875,
-0.0771396484375,
-0.286978515625,
-0.259634765625,
-0.4477451171875,
-0.280630859375,
-0.2045810546875,
-0.139517578125,
-0.06651953125,
0.124154296875,
0.14637109375,
0.201791015625,
0.1743251953125,
-0.0165927734375,
-0.008658203125,
-0.0751865234375,
-0.109,
-0.170279296875,
-0.1381748046875,
-0.0871494140625,
0.1137783203125,
0.113900390625,
0.2692958984375,
0.3166591796875,
0.490853515625,
0.3110439453125,
0.1137783203125,
-0.01671484375,
-0.09191015625,
-0.216421875,
-0.3105380859375,
-0.4482333984375,
-0.498404296875,
-0.3716953125,
-0.294791015625,
-0.111197265625,
-0.072623046875,
-0.122671875,
-0.0986240234375,
0.0293056640625,
0.0618984375,
0.21863671875,
0.2143642578125,
0.166146484375,
0.0283291015625,
0.061166015625,
0.162240234375,
0.102669921875,
-0.0278232421875,
0.041634765625,
0.01355859375,
0.03797265625,
0.20887109375,
0.2504970703125,
0.2155849609375,
0.188607421875,
0.205208984375,
0.0993740234375,
0.0219814453125,
-0.10509375,
-0.1921298828125,
-0.43468359375,
-0.355337890625,
-0.20226171875,
-0.00108984375,
0.1005947265625,
0.301888671875,
0.1302578125,
0.242318359375,
0.297494140625,
0.372201171875,
0.248666015625,
0.2653896484375,
0.0808193359375,
-0.006216796875,
-0.1469638671875,
-0.23155859375,
-0.29503515625,
-0.3986728515625,
-0.2954013671875,
-0.116080078125,
0.1311123046875,
0.30555078125,
0.3767177734375,
0.068978515625,
0.084115234375,
0.1286708984375,
0.272591796875,
0.144662109375,
-0.021353515625,
-0.3015048828125,
-0.3884189453125,
-0.427359375,
-0.2468173828125,
-0.1998203125,
-0.2525546875,
-0.24034765625,
-0.2050693359375,
-0.1191318359375,
0.1103603515625,
0.3889248046875,
0.4350673828125,
0.445443359375,
0.3857509765625,
0.3566982421875,
0.2331630859375,
0.178353515625,
0.0617763671875,
-0.00792578125,
-0.0881259765625,
-0.0871494140625,
-0.1682041015625,
-0.3007724609375,
-0.3256748046875,
-0.3063876953125,
-0.3205478515625,
-0.2189853515625,
-0.118033203125,
-0.0385654296875,
0.0583583984375,
0.1384365234375,
0.209603515625,
0.2246181640625,
0.251107421875,
0.1342861328125,
0.00428125,
-0.2204501953125,
-0.1030185546875,
-0.054068359375,
0.0493251953125,
0.024544921875,
0.07312890625,
0.0024501953125,
0.0947353515625,
0.017953125,
0.07410546875,
0.0134365234375,
-0.0336826171875,
-0.1120517578125,
-0.0961826171875,
-0.14952734375,
-0.1906650390625,
-0.2143466796875,
-0.2331455078125,
-0.1342685546875,
-0.0103671875,
0.181771484375,
0.1870205078125,
0.22644921875,
0.173470703125,
0.142953125,
-0.001333984375,
0.0656826171875,
-0.0173251953125,
0.0117275390625,
-0.0829990234375,
0.016732421875,
0.0795986328125,
0.160775390625,
0.1059658203125,
-0.0275791015625,
-0.11730078125,
-0.170279296875,
-0.09874609375,
-0.067251953125,
0.021126953125,
0.02234765625,
0.010140625,
-0.0554111328125,
0.0170986328125,
-0.0566318359375,
-0.051626953125,
-0.1232822265625,
-0.09581640625,
-0.1911533203125,
-0.1545322265625,
-0.190298828125,
-0.191275390625,
-0.2104404296875,
-0.113638671875,
-0.037955078125,
0.0427333984375,
0.0983974609375,
0.1530849609375,
0.154427734375,
0.1789638671875,
0.2866298828125,
0.2845546875,
0.2956630859375,
0.11316796875,
0.1169521484375,
0.0100185546875,
0.0510341796875,
0.00867578125,
0.1252529296875,
-0.0266025390625,
-0.1591708984375,
-0.3046787109375,
-0.387564453125,
-0.4401767578125,
-0.3188388671875,
-0.3273837890625,
-0.1874912109375,
-0.1362216796875,
0.1128017578125,
0.3335048828125,
0.476205078125,
0.548958984375,
0.592904296875,
0.4985439453125,
0.3388759765625,
0.2529384765625,
0.0644619140625,
-0.043814453125,
-0.1939609375,
-0.2617099609375,
-0.4484775390625,
-0.49620703125,
-0.556265625,
-0.338248046875,
-0.234732421875,
0.0402919921875,
0.1391689453125,
0.2075283203125,
0.1804287109375,
0.2600185546875,
0.278451171875,
0.269662109375,
0.2619716796875,
0.1442958984375,
0.097298828125,
-0.0378330078125,
-0.084341796875,
-0.1715,
-0.1906650390625,
-0.29894140625,
-0.207388671875,
-0.263052734375,
-0.1906650390625,
-0.15441015625,
-0.003775390625,
0.10144921875,
0.19715234375,
0.20984765625,
0.2319423828125,
0.1728603515625,
0.0178310546875,
-0.0805576171875,
-0.17589453125,
-0.2055576171875,
-0.191763671875,
-0.1666171875,
-0.17980078125,
-0.0053623046875,
-0.0230625,
0.0423671875,
-0.0197666015625,
0.072640625,
0.0180751953125,
0.107552734375,
0.091439453125,
0.147103515625,
0.0337001953125,
0.06433984375,
0.0837490234375,
0.1211025390625,
0.135140625,
0.2290126953125,
0.184701171875,
0.1406337890625,
0.0081875,
0.00281640625,
-0.032828125,
-0.1314609375,
-0.1962802734375,
-0.156607421875,
-0.113638671875,
-0.1481845703125,
-0.0240390625,
-0.032828125,
-0.05040625,
-0.04405859375,
0.080208984375,
-0.0212314453125,
0.0395595703125,
-0.0153720703125,
-0.0383212890625,
-0.171255859375,
-0.107779296875,
-0.0627353515625,
-0.062125,
-0.0556552734375,
0.0122158203125,
0.089486328125,
0.139291015625,
0.3310634765625,
0.2844326171875,
0.3115322265625,
0.2441494140625,
0.1953212890625,
0.0189296875,
-0.027212890625,
-0.16515234375,
-0.202017578125,
-0.484732421875,
-0.56603125,
-0.4789951171875,
-0.26378515625,
-0.1242587890625,
0.159798828125,
0.23084375,
0.2119228515625,
0.3027431640625,
0.4033291015625,
0.381478515625,
0.3081142578125,
0.1970302734375,
-0.07775,
-0.134390625,
-0.265982421875,
-0.2954013671875,
-0.3871982421875,
-0.3767001953125,
-0.28038671875,
0.04480859375,
0.1396572265625,
0.28992578125,
0.227181640625,
0.1511318359375,
0.1419765625,
0.182748046875,
0.176888671875,
0.09949609375,
-0.236197265625,
-0.3659580078125,
-0.3659580078125,
-0.3443515625,
-0.1828525390625,
-0.10460546875,
-0.107291015625,
-0.1975009765625,
-0.112662109375,
0.0324794921875,
0.2021572265625,
0.2734462890625,
0.320931640625,
0.3254482421875,
0.3040859375,
0.2092373046875,
0.2719814453125,
0.147591796875,
0.0686123046875,
0.1283046875,
0.21863671875,
0.05262109375,
-0.01964453125,
-0.05382421875,
-0.140005859375,
-0.2023837890625,
-0.24034765625,
-0.133169921875,
-0.20275,
-0.1369541015625,
-0.08946875,
0.0830166015625,
0.0734951171875,
0.198861328125,
0.116341796875,
0.1232998046875,
-0.099478515625,
-0.052359375,
-0.0886142578125,
-0.0699375,
-0.0357578125,
0.0872890625,
0.0944912109375,
0.09656640625,
0.1062099609375,
0.100228515625,
0.0944912109375,
-0.075064453125,
-0.0475986328125,
-0.064322265625,
-0.0629794921875,
-0.11632421875,
-0.08409765625,
-0.267935546875,
-0.2753818359375,
-0.2797763671875,
-0.0698154296875,
-0.0712802734375,
-0.0927646484375,
-0.157828125,
-0.103873046875,
-0.060904296875,
0.0529873046875,
0.2060634765625,
0.2055751953125,
0.14832421875,
0.201546875,
0.3020107421875,
0.2614833984375,
0.232552734375,
0.103158203125,
0.00379296875,
-0.22081640625,
-0.200552734375,
-0.2141025390625,
-0.1103427734375,
-0.00890234375,
0.19226953125,
0.2475673828125,
0.276498046875,
0.254525390625,
0.2485439453125,
0.118294921875,
-0.0400302734375,
-0.15929296875,
-0.1931064453125,
-0.2702548828125,
-0.4009921875,
-0.4199130859375,
-0.4233310546875,
-0.2556064453125,
-0.0703037109375,
0.1530849609375,
0.126595703125,
0.1801845703125,
0.1687099609375,
0.305794921875,
0.25476953125,
0.3452236328125,
0.2956630859375,
0.211068359375,
-0.032828125,
-0.030630859375,
-0.05480078125,
-0.017935546875,
-0.01525,
0.02820703125,
-0.1176669921875,
-0.2330234375,
-0.1596591796875,
-0.21886328125,
-0.1872470703125,
-0.13634375,
-0.1262119140625,
-0.1401279296875,
-0.099234375,
-0.177115234375,
0.0427333984375,
-0.0297763671875,
0.019662109375,
0.0664150390625,
0.1406337890625,
0.1618740234375,
0.25379296875,
0.19178125,
0.162240234375,
0.074837890625,
-0.110953125,
-0.0767734375,
-0.2145908203125,
-0.317740234375,
-0.357046875,
-0.26280859375,
-0.2448642578125,
0.008919921875,
0.0952236328125,
0.3110439453125,
0.171029296875,
0.29871484375,
0.3557216796875,
0.4387294921875,
0.2981044921875,
0.238900390625,
0.062630859375,
-0.1005771484375,
-0.1230380859375,
-0.24523046875,
-0.30187109375,
-0.3481357421875,
-0.3203037109375,
-0.269400390625,
-0.061392578125,
-0.0151279296875,
0.1906826171875,
0.240365234375,
0.3322841796875,
0.2163173828125,
0.26258203125,
0.1987392578125,
0.12976953125,
-0.03038671875,
-0.1352451171875,
-0.2023837890625,
-0.208609375,
-0.1920078125,
-0.15441015625,
-0.165396484375,
-0.1271884765625,
-0.04991796875,
-0.04991796875,
-0.0219638671875,
0.0510341796875,
0.098275390625,
0.0749599609375,
0.0861904296875,
-0.0087802734375,
0.02527734375,
-0.012076171875,
0.037240234375,
0.0219814453125,
0.0214931640625,
-0.058951171875,
-0.0107333984375,
-0.097525390625,
0.0031826171875,
0.0127041015625,
0.0207607421875,
0.002083984375,
0.065560546875,
0.0366298828125,
0.0095302734375,
-0.0204990234375,
-0.11339453125,
-0.0318515625,
-0.035513671875,
0.022103515625,
-0.07726171875,
-0.02355078125,
-0.0710361328125,
0.0798427734375,
-0.0168369140625,
0.15418359375,
-0.03038671875,
-0.0490634765625,
-0.112662109375,
-0.0544345703125,
0.029916015625,
0.1966640625,
0.1956875,
0.2546474609375,
0.3183681640625,
0.2531826171875,
0.2551357421875,
0.186166015625,
0.049447265625,
-0.114126953125,
-0.2482822265625,
-0.3786533203125,
-0.3264072265625,
-0.3150546875,
-0.1454990234375,
-0.0786044921875,
0.111947265625,
0.1662685546875,
0.290169921875,
0.274056640625,
0.331185546875,
0.2324306640625,
0.1286708984375,
0.031625,
-0.09191015625,
-0.194693359375,
-0.28526953125,
-0.3749912109375,
-0.36437109375,
-0.2619541015625,
-0.183462890625,
-0.01476171875,
0.0366298828125,
0.11805078125,
0.080453125,
0.1584560546875,
0.1626064453125,
0.2368251953125,
0.150521484375,
0.0256435546875,
-0.1315830078125,
-0.1147373046875,
-0.090689453125,
0.0036708984375,
-0.0764072265625,
-0.1288974609375,
-0.1735751953125,
-0.1808994140625,
-0.09972265625,
0.04578515625,
0.2121669921875,
0.233041015625,
0.279671875,
0.259896484375,
0.3591396484375,
0.2566005859375,
0.282845703125,
0.0962001953125,
0.0207607421875,
-0.10460546875,
-0.01769140625,
-0.1694248046875,
-0.142935546875,
-0.343130859375,
-0.281607421875,
-0.2958896484375,
-0.1957919921875,
-0.1080234375,
-0.0212314453125,
-0.0847080078125,
0.0163662109375,
0.11609765625,
0.1132900390625,
0.1892177734375,
0.109017578125,
0.0717861328125,
-0.0251376953125,
-0.022818359375,
0.032845703125,
0.1652919921875,
0.0576259765625,
0.082650390625,
-0.009390625,
0.0253994140625,
-0.010123046875,
0.0478603515625,
0.0180751953125,
-0.0568759765625,
-0.026236328125,
0.0669033203125,
0.0747158203125,
0.0573818359375,
0.03797265625,
-0.0939853515625,
-0.1340244140625,
-0.1310947265625,
-0.138052734375,
-0.2154453125,
-0.221060546875,
-0.34728125,
-0.2177646484375,
-0.1293857421875,
0.0109951171875,
0.073373046875,
0.189583984375,
0.2829677734375,
0.2962734375,
0.256478515625,
0.2548916015625,
0.1718837890625,
0.0031826171875,
-0.124869140625,
-0.219595703125,
-0.221060546875,
-0.1782138671875,
-0.0688388671875,
-0.0302646484375,
-0.0090244140625,
-0.044302734375,
0.02527734375,
-0.04698828125,
-0.0220859375,
-0.0378330078125,
0.031869140625,
-0.1196201171875,
-0.0212314453125,
-0.091421875,
-0.009634765625,
-0.1451328125,
-0.0175693359375,
-0.079458984375,
-0.01085546875,
0.028939453125,
0.1458828125,
0.084603515625,
0.080208984375,
0.1335537109375,
0.1826259765625,
0.2666103515625,
0.1977626953125,
0.1517421875,
0.0540859375,
0.1132900390625,
0.05164453125,
0.101693359375,
0.025033203125,
0.04969140625,
-0.1701572265625,
-0.178580078125,
-0.1462314453125,
-0.1152255859375,
-0.150259765625,
-0.09581640625,
-0.0910556640625,
-0.08409765625,
0.02039453125,
0.0607998046875,
0.0588466796875,
-0.015005859375,
0.0337001953125,
0.03504296875,
0.0603115234375,
0.0600673828125,
0.103646484375,
-0.06651953125,
-0.09972265625,
-0.189078125,
-0.1176669921875,
-0.163931640625,
-0.143423828125,
-0.155875,
-0.1342685546875,
-0.0405185546875,
0.05750390625,
0.1308681640625,
0.17273828125,
0.2185146484375,
0.2517177734375,
0.275521484375,
0.2258388671875,
0.1528408203125,
-0.00353125,
-0.019888671875,
-0.1376865234375,
-0.167837890625,
-0.26476171875,
-0.20323828125,
-0.3051669921875,
-0.226431640625,
-0.1564853515625,
0.02527734375,
0.1146328125,
0.261361328125,
0.213998046875,
0.259896484375,
0.1879970703125,
0.2216884765625,
0.10584375,
0.0915615234375,
-0.0103671875,
-0.1235263671875,
-0.21593359375,
-0.21691015625,
-0.0969150390625,
-0.0617587890625,
-0.0446689453125,
-0.0746982421875,
-0.0312412109375,
-0.0427158203125,
0.0420009765625,
0.015267578125,
0.1771328125,
0.12146875,
0.158333984375,
0.1208583984375,
0.13172265625,
0.0432216796875,
0.0825283203125,
0.01453515625,
-0.0214755859375,
-0.07726171875,
-0.1310947265625,
-0.1457431640625,
-0.1738193359375,
-0.1314609375,
-0.09191015625,
0.04676171875,
0.02234765625,
0.03504296875,
-0.061880859375,
-0.0937412109375,
-0.0988681640625,
0.036263671875,
-0.0441806640625,
-0.1047275390625,
-0.158560546875,
-0.136587890625,
-0.1603916015625,
-0.0788486328125,
0.0908291015625,
0.0656826171875,
-0.0100009765625,
0.03699609375,
0.067513671875,
0.0764248046875,
0.1608974609375,
0.120248046875,
0.151009765625,
0.1146328125,
0.21766015625,
0.154427734375,
0.0800869140625,
-0.106314453125,
-0.083853515625,
-0.2370517578125,
-0.2783115234375,
-0.1816318359375,
-0.0230625,
-0.0363681640625,
0.1303798828125,
0.161751953125,
0.2380458984375,
0.2649013671875,
0.3132412109375,
0.214486328125,
0.0727626953125,
0.0072109375,
-0.087515625,
-0.10265234375,
-0.0966708984375,
-0.1418369140625,
-0.2702548828125,
-0.235953125,
-0.24718359375,
-0.0471103515625,
0.1428310546875,
0.2103359375,
0.0578701171875,
0.1386806640625,
0.1052333984375,
0.127083984375,
0.0463955078125,
-0.021841796875,
-0.2026279296875,
-0.2783115234375,
-0.1796787109375,
-0.05089453125,
0.0044033203125,
-0.021841796875,
0.0368740234375,
-0.0683505859375,
-0.1127841796875,
0.0052578125,
0.1557705078125,
0.0957119140625,
0.1745693359375,
0.146859375,
0.20301171875,
0.1488125,
0.2685634765625,
0.1735927734375,
0.092416015625,
0.00037500000000001,
-0.0231845703125,
-0.0441806640625,
-0.1003330078125,
-0.099966796875,
-0.150748046875,
-0.2912509765625,
-0.371451171875,
-0.2438876953125,
-0.2263095703125,
-0.1413486328125,
-0.010611328125,
0.13465234375,
0.107552734375,
0.1557705078125,
0.1049892578125,
0.097298828125,
-0.049673828125,
-0.0201328125,
-0.08165625,
-0.128287109375,
-0.158560546875,
-0.0317294921875,
-0.009634765625,
0.0090419921875,
-0.0327060546875,
-0.0029208984375,
0.05848046875,
0.0327236328125,
0.144662109375,
0.253060546875,
0.2866298828125,
0.21521875,
0.2767421875,
0.111458984375,
0.0227138671875,
-0.0639560546875,
-0.093619140625,
-0.2409580078125,
-0.262076171875,
-0.363638671875,
-0.2578037109375,
-0.244498046875,
-0.08409765625,
0.0131923828125,
0.1128017578125,
0.1533291015625,
0.346078125,
0.4746181640625,
0.391732421875,
0.3427822265625,
0.2182705078125,
0.085091796875,
-0.0925205078125,
-0.1196201171875,
-0.2173984375,
-0.2177646484375,
-0.2766025390625,
-0.0474765625,
-0.024771484375,
0.10584375,
0.09656640625,
0.1123134765625,
-0.0226962890625,
0.0033046875,
-0.003287109375,
-0.0698154296875,
-0.138296875,
-0.30187109375,
-0.3466708984375,
-0.33702734375,
-0.197134765625,
-0.1481845703125,
-0.0624912109375,
-0.142203125,
-0.051626953125,
0.017220703125,
0.2646572265625,
0.3158046875,
0.4226162109375,
0.32019921875,
0.232552734375,
-0.014517578125,
-0.0358798828125,
-0.0954501953125,
-0.146109375,
-0.10948828125,
-0.175650390625,
-0.2341220703125,
-0.2136142578125,
-0.06944921875,
0.044076171875,
0.1491787109375,
0.0954677734375,
0.138314453125,
0.1455166015625,
0.1753017578125,
0.100716796875,
0.1189052734375,
-0.046744140625,
-0.07140234375,
-0.0963046875,
-0.04698828125,
-0.09483984375,
-0.025259765625,
0.051888671875,
0.114388671875,
0.00037500000000001,
0.026986328125,
-0.0826328125,
-0.192984375,
-0.2045810546875,
-0.175162109375,
-0.10167578125,
-0.0126865234375,
0.0371181640625,
0.008431640625,
0.1496669921875,
0.2148525390625,
0.373666015625,
0.354134765625,
0.273080078125,
0.14441796875,
0.1396572265625,
-0.0048740234375,
0.0515224609375,
-0.0209873046875,
-0.1490390625,
-0.356802734375,
-0.4479892578125,
-0.446890625,
-0.35558203125,
-0.236197265625,
-0.159537109375,
0.0129482421875,
0.073861328125,
0.229623046875,
0.2551357421875,
0.2923671875,
0.1809169921875,
0.2231533203125,
0.004525390625,
0.0273525390625,
-0.1480625,
-0.146353515625,
-0.2643955078125,
-0.254751953125,
-0.2697666015625,
-0.2172763671875,
-0.1498935546875,
-0.09581640625,
0.011361328125,
0.1054775390625,
0.23133203125,
0.1831142578125,
0.251595703125,
0.2126552734375,
0.2058193359375,
0.1165859375,
0.1331875,
-0.017447265625,
-0.0317294921875,
-0.1548984375,
-0.12023046875,
-0.2988193359375,
-0.2665927734375,
-0.1802890625,
-0.1332919921875,
-0.1252353515625,
0.0615322265625,
0.105111328125,
0.1923916015625,
0.3176357421875,
0.210091796875,
0.163216796875,
0.04334375,
0.0297939453125,
0.0039150390625,
-0.0117099609375,
-0.1142490234375,
-0.02257421875,
-0.09874609375,
-0.0474765625,
-0.0717685546875,
-0.0551669921875,
-0.049673828125,
0.012826171875,
-0.009634765625,
0.010140625,
0.0554287109375,
0.1804287109375,
0.22840234375,
0.2708828125,
0.1779873046875,
0.0706875,
-0.006216796875,
-0.1030185546875,
-0.17296484375,
-0.266958984375,
-0.249869140625,
-0.2402255859375,
-0.0224521484375,
0.0979091796875,
0.2131435546875,
0.191537109375,
0.2761318359375,
0.1938564453125,
0.2622158203125,
0.19226953125,
0.138802734375,
-0.0214755859375,
-0.0927646484375,
-0.247916015625,
-0.2609775390625,
-0.20519140625,
-0.1647861328125,
-0.0543125,
-0.0153720703125,
0.0798427734375,
0.0217373046875,
0.070931640625,
0.0295498046875,
0.081673828125,
-0.037466796875,
-0.0070712890625,
-0.1464755859375,
-0.0803134765625,
-0.1938388671875,
-0.1017978515625,
-0.0407626953125,
0.0656826171875,
0.0100185546875,
-0.01280859375,
-0.0085361328125,
-0.003775390625,
0.03601953125,
0.0522548828125,
0.1113369140625,
0.1455166015625,
0.2177822265625,
0.122689453125,
0.152962890625,
0.073373046875,
0.0483486328125,
0.03504296875,
0.0918056640625,
-0.0222080078125,
-0.0212314453125,
-0.1440341796875,
-0.1303623046875,
-0.200552734375,
-0.1100986328125,
-0.0432041015625,
-0.0888583984375,
-0.0593173828125,
-0.040640625,
-0.076041015625,
-0.0261142578125,
0.1306240234375,
0.0935146484375,
0.0228359375,
-0.037955078125,
0.038705078125,
0.0085537109375,
0.061654296875,
0.087044921875,
0.139779296875,
0.0402919921875,
0.068001953125,
0.0302822265625,
-0.0493076171875,
-0.1833408203125,
-0.1076572265625,
-0.1249912109375,
0.03553125,
0.1810390625,
0.25428125,
0.17615625,
0.14832421875,
0.175423828125,
0.1855556640625,
0.1555263671875,
-0.056509765625,
-0.141958984375,
-0.3210361328125,
-0.4185703125,
-0.4001376953125,
-0.2851474609375,
-0.3033359375,
-0.1621005859375,
-0.217642578125,
0.01453515625,
0.0380947265625,
0.23475,
0.299447265625,
0.3337490234375,
0.163705078125,
0.184212890625,
0.03894921875,
-0.0053623046875,
-0.0143955078125,
-0.0263583984375,
0.0683681640625,
-0.0109775390625,
-0.0063388671875,
-0.0279453125,
0.006478515625,
-0.107291015625,
-0.023306640625,
-0.084341796875,
-0.03136328125,
-0.07237890625,
0.0173427734375,
-0.065298828125,
-0.1096103515625,
-0.107779296875,
0.0443203125,
0.122201171875,
0.0844814453125,
0.0263759765625,
0.0134365234375,
0.0295498046875,
0.1128017578125,
0.2415859375,
0.2622158203125,
0.1674892578125,
0.084115234375,
0.0354091796875,
-0.073111328125,
-0.0651767578125,
-0.160025390625,
-0.234,
-0.408072265625,
-0.3461826171875,
-0.2690341796875,
-0.1015537109375,
0.0703212890625,
0.244759765625,
0.289681640625,
0.363412109375,
0.264046875,
0.2636806640625,
0.144173828125,
0.0070888671875,
-0.1826083984375,
-0.4401767578125,
-0.438345703125,
-0.4088046875,
-0.310904296875,
-0.209341796875,
-0.0073154296875,
0.0302822265625,
0.2035,
0.1130458984375,
0.11609765625,
0.04773828125,
0.117318359375,
-0.0251376953125,
-0.0038974609375,
-0.0963046875,
0.0051357421875,
0.0286953125,
0.0788662109375,
0.1098720703125,
0.2033779296875,
0.2612392578125,
0.2988369140625,
0.255990234375,
0.1879970703125,
0.2041103515625,
0.087533203125,
0.04285546875,
-0.0463779296875,
-0.13194921875,
-0.34728125,
-0.297232421875,
-0.306509765625,
-0.1723544921875,
-0.1979892578125,
-0.1120517578125,
-0.1828525390625,
-0.1642978515625,
-0.023794921875,
0.2326748046875,
0.2920009765625,
0.3698818359375,
0.3847744140625,
0.222298828125,
0.072884765625,
-0.0292880859375,
-0.0849521484375,
-0.1857822265625,
-0.2509677734375,
-0.3945224609375,
-0.39171484375,
-0.353873046875,
-0.10948828125,
0.02039453125,
0.175912109375,
0.1938564453125,
0.330697265625,
0.38074609375,
0.261361328125,
0.16834375,
0.1284267578125,
-0.0153720703125,
-0.137076171875,
-0.2399814453125,
-0.3264072265625,
-0.3652255859375,
-0.33946875,
-0.2665927734375,
-0.090201171875,
0.089486328125,
-0.0080478515625,
0.076791015625,
-0.0070712890625,
0.072884765625,
0.19959375,
0.23523828125,
0.071419921875,
0.13660546875,
0.0256435546875,
0.1380703125,
0.1029140625,
0.148080078125,
0.0864345703125,
0.03113671875,
-0.09679296875,
-0.095328125,
-0.108267578125,
-0.1088779296875,
-0.0646884765625,
-0.06749609375,
-0.0279453125,
-0.009390625,
0.11316796875,
0.1259853515625,
0.13074609375,
-0.0576083984375,
-0.043814453125,
-0.0881259765625,
0.0150234375,
-0.0168369140625,
0.0732509765625,
0.0444423828125,
0.101205078125,
0.16297265625,
0.286263671875,
0.2883388671875,
0.132943359375,
-0.0019443359375,
-0.179556640625,
-0.2692783203125,
-0.301138671875,
-0.282095703125,
-0.2746494140625,
-0.1943271484375,
-0.138541015625,
0.1079189453125,
0.2414638671875,
0.3596279296875,
0.3227626953125,
0.255990234375,
0.0485927734375,
0.0482265625,
-0.0410068359375,
-0.119009765625,
-0.23839453125,
-0.376578125,
-0.455923828125,
-0.3315341796875,
-0.1666171875,
0.052865234375,
0.17225,
0.1347744140625,
0.1289150390625,
0.1204921875,
0.2043544921875,
0.2265712890625,
0.237923828125,
0.0764248046875,
0.071908203125,
0.0522548828125,
0.1325771484375,
0.0717861328125,
0.0832607421875,
-0.0519931640625,
-0.073599609375,
-0.1037509765625,
0.0107509765625,
-0.098013671875,
-0.183951171875,
-0.1552646484375,
-0.1628330078125,
-0.0981357421875,
0.035775390625,
0.062875,
-0.05821875,
-0.055533203125,
-0.02648046875,
0.080697265625,
0.083138671875,
0.06678125,
0.0022060546875,
-0.134390625,
-0.280875,
-0.0839755859375,
-0.00023535156249999,
0.11121484375,
0.2224208984375,
0.234994140625,
0.0708095703125,
0.113412109375,
0.066048828125,
0.0139248046875,
-0.0090244140625,
-0.128775390625,
-0.1275546875,
-0.127798828125,
-0.017203125,
0.045052734375,
0.105599609375,
0.0998623046875,
0.254037109375,
0.191048828125,
0.142220703125,
-0.0038974609375,
-0.038931640625,
-0.1628330078125,
-0.1373203125,
-0.1398837890625,
-0.0580966796875,
-0.0397861328125,
-0.0732333984375,
-0.021841796875,
0.0219814453125,
0.0579921875,
0.0550625,
-0.030630859375,
-0.12901953125,
-0.171744140625,
-0.32042578125,
-0.24718359375,
-0.181265625,
0.0368740234375,
0.1579677734375,
0.2563564453125,
0.2141201171875,
0.2946865234375,
0.160775390625,
0.1298916015625,
-0.015982421875,
-0.1080234375,
-0.2182529296875,
-0.269400390625,
-0.3576572265625,
-0.306265625,
-0.2973544921875,
-0.144888671875,
-0.072134765625,
0.01062890625,
0.076546875,
0.082162109375,
0.1147548828125,
0.147591796875,
0.3177578125,
0.35047265625,
0.4040615234375,
0.30115625,
0.24646875,
0.1584560546875,
0.1333095703125,
0.0131923828125,
-0.028189453125,
-0.1984775390625,
-0.2412021484375,
-0.388052734375,
-0.4540927734375,
-0.374869140625,
-0.19835546875,
-0.0173251953125,
0.2025234375,
0.41053125,
0.4926845703125,
0.6009609375,
0.5228359375,
0.421029296875,
0.164193359375,
0.034798828125,
-0.293326171875,
-0.3405673828125,
-0.5021884765625,
-0.5026767578125,
-0.513541015625,
-0.3142001953125,
-0.2267978515625,
-0.0312412109375,
0.0072109375,
0.101693359375,
0.1379482421875,
0.063607421875,
0.118294921875,
0.0560390625,
0.0462734375,
0.0666591796875,
0.1023037109375,
0.03797265625,
0.133431640625,
0.0013515625,
0.0173427734375,
-0.0126865234375,
0.06141015625,
0.0180751953125,
0.0625087890625,
-0.010123046875,
-0.0385654296875,
-0.0200107421875,
-0.117056640625,
-0.1425693359375,
0.0075771484375,
-0.030142578125,
-0.113638671875,
-0.15245703125,
-0.3043125,
-0.2919833984375,
-0.272330078125,
-0.1080234375,
-0.002798828125,
0.1491787109375,
0.165169921875,
0.3320400390625,
0.2591640625,
0.3685390625,
0.3791591796875,
0.2529384765625,
-0.0236728515625,
-0.1376865234375,
-0.2812412109375,
-0.289419921875,
-0.2631748046875,
-0.0845859375,
0.014046875,
0.073373046875,
0.167611328125,
0.2971279296875,
0.2534267578125,
0.1604091796875,
0.2165615234375,
0.10437890625,
0.01648828125,
-0.1220615234375,
-0.1916416015625,
-0.394400390625,
-0.370474609375,
-0.3940341796875,
-0.2294833984375,
-0.1042392578125,
0.091927734375,
-0.006216796875,
0.0437099609375,
0.08875390625,
0.1399013671875,
0.2382900390625,
0.23230859375,
0.127328125,
-0.079458984375,
-0.09191015625,
-0.096548828125,
-0.0025546875,
0.0051357421875,
0.0466396484375,
-0.1464755859375,
-0.053580078125,
-0.0855625,
0.0561611328125,
0.0190517578125,
0.076302734375,
0.08191796875,
0.1352626953125,
0.109017578125,
0.0883876953125,
-0.0045078125,
-0.1440341796875,
-0.1076572265625,
-0.2202060546875,
-0.2642734375,
-0.2402255859375,
-0.05040625,
-0.01280859375,
0.1967861328125,
0.2014248046875,
0.3730556640625,
0.3347255859375,
0.4056484375,
0.2732021484375,
0.17957421875,
-0.053580078125,
-0.0728671875,
-0.1841953125,
-0.2414462890625,
-0.3308017578125,
-0.30577734375,
-0.1921298828125,
-0.009390625,
0.13953515625,
0.3138515625,
0.335580078125,
0.1704189453125,
0.1569912109375,
0.10926171875,
0.0891201171875,
-0.1154697265625,
-0.2538974609375,
-0.4338291015625,
-0.43468359375,
-0.314810546875,
-0.117544921875,
0.011361328125,
0.0708095703125,
0.0297939453125,
0.1001064453125,
0.08777734375,
0.1953212890625,
0.2749111328125,
0.1870205078125,
0.08777734375,
0.0517666015625,
0.05848046875,
0.035287109375,
0.05115625,
0.0189296875,
0.103890625,
0.0091640625,
0.045052734375,
-0.0466220703125,
-0.07335546875,
-0.1525791015625,
-0.05821875,
-0.134634765625,
0.0341884765625,
0.0085537109375,
0.044076171875,
-0.038931640625,
-0.0278232421875,
0.0371181640625,
0.139046875,
0.02771875,
-0.13194921875,
-0.14366796875,
-0.208365234375,
-0.08995703125,
-0.0319736328125,
0.0618984375,
0.03797265625,
0.111703125,
0.0607998046875,
0.1164638671875,
-0.0209873046875,
0.033822265625,
-0.109244140625,
-0.121939453125,
-0.17491796875,
-0.106314453125,
-0.099234375,
-0.013052734375,
0.04578515625,
0.0883876953125,
0.111703125,
0.1486904296875,
0.2358486328125,
0.1796962890625,
0.012826171875,
-0.12071875,
-0.1462314453125,
-0.171744140625,
-0.0209873046875,
-0.0368564453125,
0.034310546875,
-0.0197666015625,
0.0208828125,
0.0476162109375,
0.1511318359375,
0.1062099609375,
0.0097744140625,
-0.128287109375,
-0.21105078125,
-0.173697265625,
-0.0400302734375,
0.0280849609375,
0.16199609375,
0.2651455078125,
0.207162109375,
0.2053310546875,
0.1516201171875,
0.1361171875,
0.021126953125,
0.009896484375,
-0.13780859375,
-0.1503818359375,
-0.20909765625,
-0.1953037109375,
-0.221060546875,
-0.11437109375,
-0.0798251953125,
0.150521484375,
0.1355068359375,
0.1677333984375,
0.072396484375,
0.0461513671875,
0.077767578125,
0.1565029296875,
0.1673671875,
0.0712978515625,
-0.0178134765625,
-0.100455078125,
0.0190517578125,
-0.0363681640625,
0.009896484375,
-0.1044833984375,
-0.2282626953125,
-0.4177158203125,
-0.305533203125,
-0.27648046875,
-0.129263671875,
-0.065298828125,
0.088265625,
0.2246181640625,
0.3255703125,
0.234505859375,
0.284798828125,
0.263802734375,
0.09754296875,
0.0863125,
-0.0356357421875,
-0.16319921875,
-0.226919921875,
-0.1896884765625,
-0.272330078125,
-0.2433994140625,
-0.220328125,
-0.0465,
-0.08995703125,
-0.0080478515625,
0.039193359375,
0.1442958984375,
0.0742275390625,
0.1425869140625,
0.10975,
0.0722744140625,
0.1328212890625,
0.1364833984375,
0.1713955078125,
0.2304775390625,
0.2143642578125,
0.1684658203125,
0.1386806640625,
0.05164453125,
0.042123046875,
-0.040396484375,
-0.0524814453125,
-0.12706640625,
-0.1523349609375,
-0.1989658203125,
-0.077994140625,
-0.0458896484375,
0.0122158203125,
-0.088248046875,
-0.11827734375,
-0.1962802734375,
-0.169791015625,
-0.2109287109375,
-0.0627353515625,
-0.050162109375,
-0.0412509765625,
-0.07042578125,
-0.0185458984375,
0.0708095703125,
0.1845791015625,
0.2507412109375,
0.105111328125,
0.051400390625,
-0.1030185546875,
-0.12218359375,
-0.138541015625,
-0.0983798828125,
-0.161490234375,
-0.0112216796875,
-0.06261328125,
0.1367275390625,
0.1748134765625,
0.2602626953125,
0.1906826171875,
0.2378017578125,
0.1540615234375,
0.0232021484375,
-0.118765625,
-0.211783203125,
-0.2211826171875,
-0.28478125,
-0.1904208984375,
-0.1567294921875,
-0.0798251953125,
-0.0703037109375,
-0.0019443359375,
-0.0629794921875,
0.0192958984375,
0.122201171875,
0.22156640625,
0.1193935546875,
0.1455166015625,
0.0189296875,
0.025033203125,
-0.0045078125,
0.0578701171875,
0.0524990234375,
-0.0505283203125,
-0.05773046875,
0.01062890625,
-0.02452734375,
0.080453125,
0.140755859375,
0.01648828125,
-0.012564453125,
-0.0651767578125,
0.005501953125,
-0.0319736328125,
-0.0710361328125,
-0.140982421875,
-0.1982333984375,
-0.291861328125,
-0.1008212890625,
-0.018912109375,
0.14490625,
0.218880859375,
0.2663662109375,
0.2900478515625,
0.4216396484375,
0.3874599609375,
0.391,
0.1970302734375,
-0.0681064453125,
-0.2592685546875,
-0.3159091796875,
-0.302115234375,
-0.36925390625,
-0.3268955078125,
-0.3268955078125,
-0.146841796875,
0.080208984375,
0.4065029296875,
0.39832421875,
0.3562099609375,
0.1950771484375,
0.223275390625,
0.048958984375,
0.00476953125,
-0.1787021484375,
-0.34728125,
-0.515982421875,
-0.452017578125,
-0.3019931640625,
-0.1340244140625,
-0.0595615234375,
0.022103515625,
0.1706630859375,
0.1242763671875,
0.3079921875,
0.35535546875,
0.3400966796875,
0.203255859375,
0.19031640625,
0.093392578125,
0.0688564453125,
-0.0764072265625,
-0.0224521484375,
-0.121451171875,
-0.0869052734375,
-0.1715,
-0.115103515625,
-0.115591796875,
-0.0886142578125,
-0.091666015625,
-0.0754306640625,
-0.0912998046875,
-0.0568759765625,
0.0139248046875,
-0.02648046875,
-0.055533203125,
-0.03038671875,
0.1165859375,
0.0366298828125,
0.0385830078125,
-0.0170810546875,
0.0461513671875,
0.029427734375,
0.136361328125,
0.14637109375,
0.229134765625,
0.166146484375,
0.1027919921875,
0.0810634765625,
0.03894921875,
-0.08507421875,
-0.1308505859375,
-0.261099609375,
-0.24571875,
-0.1877353515625,
-0.150015625,
-0.10167578125,
-0.0612705078125,
0.03894921875,
0.0869228515625,
0.0752041015625,
0.0774013671875,
0.16834375,
0.01453515625,
-0.0209873046875,
-0.1245029296875,
-0.0966708984375,
-0.0248935546875,
0.0937587890625,
0.060189453125,
0.0700771484375,
0.003548828125,
0.1420986328125,
0.1821376953125,
0.1674892578125,
0.0239345703125,
-0.1728427734375,
-0.24327734375,
-0.3579013671875,
-0.245474609375,
-0.2349765625,
-0.235708984375,
-0.210318359375,
0.075326171875,
0.065072265625,
0.2500087890625,
0.2204677734375,
0.2595302734375,
0.148080078125,
0.2790615234375,
0.2307216796875,
0.16492578125,
-0.028677734375,
-0.156119140625,
-0.268912109375,
-0.2912509765625,
-0.099478515625,
-0.0461337890625,
-0.1218173828125,
-0.105826171875,
0.0180751953125,
0.088021484375,
0.3501064453125,
0.4160244140625,
0.4193203125,
0.2142421875,
0.130990234375,
0.0097744140625,
0.0195400390625,
-0.0583408203125,
-0.0764072265625,
-0.2603671875,
-0.3845126953125,
-0.4400546875,
-0.419791015625,
-0.346060546875,
-0.2612216796875,
-0.1730869140625,
-0.01915625,
0.1472255859375,
0.2617275390625,
0.3613369140625,
0.389046875,
0.3291103515625,
0.19715234375,
0.142708984375,
0.0288173828125,
-0.0046298828125,
-0.134390625,
-0.10167578125,
-0.1110751953125,
-0.1293857421875,
-0.1408603515625,
-0.0456455078125,
-0.1079013671875,
-0.055044921875,
-0.0590732421875,
-0.0756748046875,
-0.07775,
-0.1022861328125,
-0.0070712890625,
-0.0151279296875,
-0.0297763671875,
-0.04112890625,
0.111947265625,
0.0488369140625,
0.1814052734375,
0.193001953125,
0.1735927734375,
0.1023037109375,
0.142708984375,
-0.0549228515625,
-0.0025546875,
-0.11046484375,
-0.0331943359375,
-0.01964453125,
0.0586025390625,
0.07703515625,
0.176888671875,
0.0849697265625,
0.0524990234375,
0.06922265625,
-0.0251376953125,
-0.04210546875,
-0.162955078125,
-0.1779697265625,
-0.214224609375,
-0.18321875,
-0.2319248046875,
-0.03722265625,
-0.0505283203125,
0.0693447265625,
0.0085537109375,
0.0407802734375,
-0.02452734375,
0.0639736328125,
0.131966796875,
0.17566796875,
0.152962890625,
0.07117578125,
0.0590908203125,
-0.0668857421875,
-0.0866611328125,
0.0130703125,
0.0236904296875,
-0.131705078125,
-0.038931640625,
-0.13585546875,
-0.073599609375,
-0.0241611328125,
0.097298828125,
0.0141689453125,
0.0429775390625,
-0.0939853515625,
-0.0705478515625,
-0.078482421875,
-0.0483310546875,
-0.0502841796875,
-0.112662109375,
-0.1733310546875,
-0.1513583984375,
-0.1420810546875,
-0.070669921875,
0.0166103515625,
0.0283291015625,
0.085580078125,
0.094125,
0.223763671875,
0.193001953125,
0.16883203125,
0.035287109375,
0.1140224609375,
0.0637294921875,
0.081185546875,
0.110970703125,
0.117806640625,
0.017708984375,
0.076302734375,
-0.070669921875,
-0.0195224609375,
-0.035513671875,
-0.077505859375,
-0.19151953125,
-0.265982421875,
-0.26671484375,
-0.1342685546875,
-0.0270908203125,
0.092416015625,
0.2348720703125,
0.19617578125,
0.30896875,
0.314583984375,
0.3591396484375,
0.296029296875,
0.2103359375,
-0.033072265625,
-0.01866796875,
-0.150015625,
-0.177603515625,
-0.34288671875,
-0.4050205078125,
-0.383169921875,
-0.2104404296875,
0.0488369140625,
0.2334072265625,
0.3413173828125,
0.282845703125,
0.26551171875,
0.19129296875,
0.2961513671875,
0.09656640625,
-0.0275791015625,
-0.2819736328125,
-0.2939365234375,
-0.4643466796875,
-0.3657138671875,
-0.3376376953125,
-0.168814453125,
-0.24816015625,
-0.212271484375,
-0.0551669921875,
0.1165859375,
0.308724609375,
0.37976953125,
0.3274013671875,
0.1750576171875,
0.149544921875,
0.0300380859375,
0.00769921875,
-0.0815341796875,
-0.0707919921875,
-0.2187412109375,
-0.19151953125,
-0.201041015625,
-0.0334384765625,
-0.051138671875,
0.0754482421875,
0.076546875,
0.123666015625,
0.1419765625,
0.0900966796875,
0.0568935546875,
0.0297939453125,
-0.005240234375,
0.04725,
0.0139248046875,
-0.07384375,
-0.1220615234375,
-0.1677158203125,
-0.121451171875,
-0.02062109375,
0.170052734375,
0.1850673828125,
0.0815517578125,
-0.0534580078125,
-0.0537021484375,
-0.021841796875,
0.1069423828125,
0.0749599609375,
0.0224697265625,
-0.1000888671875,
-0.0246494140625,
0.0130703125,
0.110482421875,
0.14490625,
0.13367578125,
0.032357421875,
-0.07433203125,
-0.0336826171875,
0.0048916015625,
0.0554287109375,
-0.0515048828125,
-0.0673740234375,
-0.1877353515625,
-0.0358798828125,
0.0305263671875,
0.1670009765625,
0.0659267578125,
0.1879970703125,
0.16590234375,
0.2605068359375,
0.142953125,
0.1008388671875,
-0.069693359375,
-0.14073828125,
-0.2663486328125,
-0.31603125,
-0.3112705078125,
-0.3625400390625,
-0.321646484375,
-0.3267734375,
-0.1601474609375,
0.0253994140625,
0.2180263671875,
0.2431728515625,
0.3632900390625,
0.2463466796875,
0.296029296875,
0.21180078125,
0.194466796875,
0.0087978515625,
-0.0781162109375,
-0.2907626953125,
-0.3225009765625,
-0.264517578125,
-0.1342685546875,
-0.123892578125,
-0.095572265625,
0.0449306640625,
0.1536953125,
0.194955078125,
0.2194912109375,
0.29676171875,
0.186166015625,
0.0833828125,
0.0473720703125,
0.04383203125,
-0.125357421875,
-0.1125400390625,
-0.1892001953125,
-0.2209384765625,
-0.3129794921875,
-0.1572177734375,
-0.0214755859375,
0.0786220703125,
0.100228515625,
0.240609375,
0.159310546875,
0.2033779296875,
0.250130859375,
0.2158291015625,
0.13074609375,
0.0263759765625,
-0.04259375,
-0.18273046875,
-0.2316806640625,
-0.2246005859375,
-0.09483984375,
-0.1249912109375,
-0.00353125,
0.01990625,
0.0632412109375,
-0.0231845703125,
0.01990625,
-0.0397861328125,
0.075326171875,
0.071908203125,
0.1447841796875,
-0.019400390625,
-0.1210849609375,
-0.0844638671875,
0.076791015625,
0.133431640625,
0.0666591796875,
0.0814296875,
-0.051626953125,
-0.0229404296875,
-0.034048828125,
0.006478515625,
-0.075064453125,
-0.0610263671875,
-0.1425693359375,
0.0036708984375,
-0.104849609375,
-0.0263583984375,
-0.0068271484375,
0.01941796875,
0.01160546875,
0.028451171875,
-0.03819921875,
-0.00096777343749999,
-0.067251953125,
-0.1236484375,
-0.086783203125,
-0.1633212890625,
-0.1332919921875,
-0.01964453125,
0.0500576171875,
-0.005484375,
0.0778896484375,
0.1010830078125,
0.1948330078125,
0.1341640625,
0.276498046875,
0.1857998046875,
0.0898525390625,
0.047005859375,
0.1130458984375,
0.0022060546875,
-0.1100986328125,
-0.155142578125,
-0.1479404296875,
-0.2202060546875,
-0.2126376953125,
-0.2184970703125,
-0.18175390625,
-0.1047275390625,
-0.0141513671875,
0.0837490234375,
0.123177734375,
0.2448818359375,
0.206673828125,
0.1777431640625,
0.077767578125,
0.099740234375,
0.0189296875,
-0.0407626953125,
-0.169302734375,
-0.192984375,
-0.26280859375,
-0.1520908203125,
-0.086783203125,
0.0776455078125,
0.090462890625,
0.1391689453125,
0.0942470703125,
0.100228515625,
0.1777431640625,
0.2083828125,
0.18250390625,
0.0253994140625,
-0.0104892578125,
-0.0908115234375,
-0.043326171875,
-0.08165625,
0.0092861328125,
-0.1555087890625,
-0.2004306640625,
-0.2475498046875,
-0.15343359375,
-0.194205078125,
-0.0095126953125,
0.0158779296875,
0.1191494140625,
0.1279384765625,
0.1540615234375,
0.248177734375,
0.2246181640625,
0.2185146484375,
0.1316005859375,
0.1093837890625,
0.0070888671875,
-0.0136630859375,
-0.1127841796875,
-0.134634765625,
-0.2614658203125,
-0.1267001953125,
-0.15929296875,
-0.0524814453125,
-0.018423828125,
0.10584375,
0.0271083984375,
0.07801171875,
0.0920498046875,
0.135140625,
0.0544521484375,
-0.010123046875,
-0.0591953125,
-0.0639560546875,
-0.0617587890625,
-0.061392578125,
-0.0651767578125,
-0.1232822265625,
-0.088248046875,
-0.0507724609375,
-0.00792578125,
-0.05284765625,
0.022103515625,
0.0368740234375,
0.085580078125,
0.0632412109375,
0.2142421875,
0.2180263671875,
0.178353515625,
0.08094140625,
0.1047451171875,
-0.0373447265625,
-0.0598056640625,
-0.05773046875,
-0.015005859375,
-0.17101171875,
-0.197623046875,
-0.140982421875,
-0.056021484375,
-0.0279453125,
-0.0063388671875,
0.14246484375,
0.0544521484375,
0.1452724609375,
0.19226953125,
0.1868984375,
0.0493251953125,
0.0275966796875,
-0.124380859375,
-0.076529296875,
-0.110708984375,
-0.0112216796875,
-0.0595615234375,
-0.0695712890625,
-0.140982421875,
-0.0845859375,
-0.1015537109375,
-0.077017578125,
-0.046255859375,
-0.006216796875,
0.0246669921875,
0.003060546875,
-0.00353125,
-0.0263583984375,
-0.006216796875,
-0.1352451171875,
0.0080654296875,
-0.0966708984375,
-0.1138828125,
-0.1955478515625,
-0.1193759765625,
-0.17003515625,
-0.0121982421875,
-0.013052734375,
0.045541015625,
0.0927822265625,
0.2143642578125,
0.3010341796875,
0.28504296875,
0.3486416015625,
0.315560546875,
0.209115234375,
0.10437890625,
0.04725,
-0.1454990234375,
-0.1828525390625,
-0.224478515625,
-0.26378515625,
-0.3300693359375,
-0.189810546875,
-0.0761630859375,
0.014291015625,
-0.0119541015625,
0.0297939453125,
0.01941796875,
0.07898828125,
0.13758203125,
0.2002041015625,
0.1088955078125,
0.1272060546875,
0.11023828125,
0.13465234375,
0.12879296875,
0.122201171875,
0.0825283203125,
-0.025259765625,
-0.04601171875,
-0.138541015625,
-0.0552890625,
-0.1159580078125,
-0.0826328125,
-0.1213291015625,
-0.0927646484375,
-0.10265234375,
0.03699609375,
0.008919921875,
0.1225673828125,
0.0540859375,
0.011361328125,
-0.098013671875,
-0.113150390625,
-0.075552734375,
-0.0895908203125,
-0.1149814453125,
-0.1039951171875,
0.009408203125,
-0.0121982421875,
0.0676357421875,
0.0236904296875,
0.0617763671875,
0.0451748046875,
0.1015712890625,
0.0052578125,
0.0087978515625,
-0.1396396484375,
-0.05382421875,
-0.1613681640625,
-0.0678623046875,
0.067513671875,
0.139046875,
0.02234765625,
0.1130458984375,
0.0754482421875,
0.077279296875,
0.2114345703125,
0.2122890625,
0.1630947265625,
0.0549404296875,
-0.009390625,
-0.0827548828125,
-0.0432041015625,
-0.0513828125,
0.0803310546875,
-0.0912998046875,
-0.117056640625,
-0.1433017578125,
-0.18273046875,
-0.240591796875,
-0.156607421875,
-0.161490234375,
-0.1132724609375,
0.0485927734375,
0.19178125,
0.243294921875,
0.2802822265625,
0.1941005859375,
0.1615078125,
0.107552734375,
0.0236904296875,
-0.0593173828125,
-0.185416015625,
-0.2043369140625,
-0.2675693359375,
-0.23741796875,
-0.24913671875,
-0.0670078125,
0.00574609375,
0.069466796875,
0.0615322265625,
0.141732421875,
0.0271083984375,
0.115609375,
0.097787109375,
0.067025390625,
-0.017203125,
0.031380859375,
-0.095328125,
-0.0580966796875,
0.017708984375,
-0.029654296875,
-0.0121982421875,
-0.0463779296875,
0.0190517578125,
-0.13976171875,
-0.13390234375,
-0.1762607421875,
-0.1088779296875,
-0.1762607421875,
0.0716640625,
0.1108486328125,
0.255013671875,
0.2043544921875,
0.1833583984375,
0.0931484375,
0.113900390625,
0.054330078125,
0.021615234375,
-0.020865234375,
-0.1411044921875,
-0.126822265625,
-0.12853125,
-0.1218173828125,
-0.1464755859375,
-0.044791015625,
-0.085318359375,
-0.0275791015625,
0.051888671875,
0.251595703125,
0.192513671875,
0.211556640625,
0.222787109375,
0.274056640625,
0.083626953125,
0.0405361328125,
0.013802734375,
-0.024283203125,
-0.0495517578125,
-0.054068359375,
-0.0414951171875,
-0.111197265625,
-0.1657626953125,
-0.19542578125,
-0.164419921875,
-0.185416015625,
-0.0134189453125,
-0.009146484375,
0.05262109375,
0.09558984375,
0.21277734375,
0.1074306640625,
0.0969326171875,
0.04383203125,
0.0251552734375,
-0.0268466796875,
-0.06554296875,
-0.1022861328125,
-0.1548984375,
-0.181998046875,
-0.0920322265625,
-0.0029208984375,
0.0566494140625,
0.064095703125,
0.092171875,
0.17371484375,
0.1245205078125,
0.1936123046875,
0.1616298828125,
0.0998623046875,
-0.0595615234375,
-0.0134189453125,
-0.0969150390625,
-0.03136328125,
-0.041373046875,
0.02332421875,
-0.1044833984375,
-0.0422275390625,
-0.0419833984375,
-0.0593173828125,
-0.0855625,
-0.0439365234375,
0.0029384765625,
-0.00353125,
-0.0056064453125,
-0.0119541015625,
0.083138671875,
0.037484375,
0.0485927734375,
-0.04894140625,
-0.0505283203125,
-0.1216953125,
-0.0461337890625,
-0.0793369140625,
0.0422451171875,
-0.0268466796875,
0.0730068359375,
-0.0151279296875,
0.1159755859375,
0.1442958984375,
0.201302734375,
0.1458828125,
0.1081630859375,
0.122689453125,
0.0358974609375,
0.0429775390625,
-0.0666416015625,
-0.0917880859375,
-0.202505859375,
-0.1674716796875,
-0.246451171875,
-0.096548828125,
-0.146353515625,
0.0134365234375,
-0.00401953125,
0.060677734375,
0.034310546875,
0.138802734375,
0.0839931640625,
0.081185546875,
0.08387109375,
0.0052578125,
-0.0074375,
-0.152212890625,
-0.1501376953125,
-0.1882236328125,
-0.1684482421875,
-0.1308505859375,
-0.0580966796875,
-0.164908203125,
-0.1122958984375,
-0.0556552734375,
0.1403896484375,
0.1323330078125,
0.14246484375,
0.182748046875,
0.2348720703125,
0.181771484375,
0.2815029296875,
0.2168056640625,
0.135384765625,
0.023568359375,
0.008431640625,
-0.0963046875,
-0.181509765625,
-0.2621982421875,
-0.253287109375,
-0.267447265625,
-0.2172763671875,
-0.0485751953125,
-0.130484375,
-0.11827734375,
-0.090201171875,
0.0161220703125,
0.02137109375,
0.17225,
0.125130859375,
0.1458828125,
0.1320888671875,
0.231087890625,
0.2236416015625,
0.2900478515625,
0.259896484375,
0.2551357421875,
0.0444423828125,
-0.0855625,
-0.149283203125,
-0.231314453125,
-0.244986328125,
-0.3063876953125,
-0.239126953125,
-0.16222265625,
0.0366298828125,
0.1113369140625,
0.2630703125,
