Filename,STFMB-20200928-0105-0064_20210106_092004_002.dat
Sample Rate,2000
Sample Rate,2000
Sample Rate,2000
0.1436669921875,
0.1144921875,
0.0469873046875,
-0.0511572265625,
-0.0358984375,
0.00072265625000001,
-0.095224609375,
0.0128076171875,
-0.0465185546875,
-0.0516455078125,
0.0179345703125,
0.08080078125,
0.0333154296875,
0.0662744140625,
0.00011230468750001,
-0.075205078125,
-0.1671240234375,
-0.099130859375,
-0.137216796875,
-0.0994970703125,
-0.021494140625,
-0.0662939453125,
-0.0926611328125,
-0.0838720703125,
0.001455078125,
-0.1114599609375,
-0.0994970703125,
-0.06568359375,
-0.0689794921875,
-0.0457861328125,
-0.078623046875,
-0.1859228515625,
-0.1180517578125,
-0.0858251953125,
0.0047509765625,
0.01048828125,
-0.0378515625,
-0.1410009765625,
-0.0794775390625,
-0.08521484375,
-0.0594580078125,
-0.01587890625,
-0.078623046875,
-0.01197265625,
-0.0235693359375,
-0.1217138671875,
-0.1463720703125,
-0.0982763671875,
-0.0335791015625,
0.0745751953125,
0.04271484375,
-0.008798828125,
-0.0333349609375,
0.041005859375,
0.0049951171875,
0.0843408203125,
0.0281884765625,
0.0501611328125,
0.03392578125,
-0.0316259765625,
-0.025400390625,
0.0027978515625,
0.117421875,
0.2437646484375,
0.2889306640625,
0.1863916015625,
0.110341796875,
0.0931298828125,
0.1258447265625,
0.1031396484375,
0.1256005859375,
0.0203759765625,
0.0530908203125,
0.0267236328125,
0.083974609375,
0.00560546875,
0.057119140625,
0.1431787109375,
0.175771484375,
0.155751953125,
0.1202294921875,
0.0277001953125,
-0.004892578125,
0.008291015625,
0.0333154296875,
0.0129296875,
-0.032724609375,
-0.0636083984375,
-0.09693359375,
-0.051279296875,
-0.0843603515625,
0.0306298828125,
-0.007333984375,
0.0682275390625,
0.06615234375,
0.02708984375,
-0.0377294921875,
-0.033212890625,
-0.0964453125,
-0.09107421875,
-0.11353515625,
-0.1034033203125,
-0.096201171875,
-0.0972998046875,
-0.0860693359375,
-0.006845703125,
0.0196435546875,
0.0535791015625,
0.099111328125,
-0.0470068359375,
-0.0709326171875,
-0.10865234375,
-0.0946142578125,
-0.13013671875,
-0.118662109375,
-0.20337890625,
-0.151376953125,
-0.0623876953125,
0.0064599609375,
-0.0091650390625,
-0.0025732421875,
-0.0340673828125,
0.0069482421875,
-0.0360205078125,
-0.070322265625,
-0.1114599609375,
-0.2008154296875,
-0.1478369140625,
-0.1351416015625,
-0.0350439453125,
0.0152490234375,
0.0787255859375,
0.0667626953125,
0.0958154296875,
0.0281884765625,
0.02171875,
0.032216796875,
0.0496728515625,
-0.025400390625,
0.00084472656250001,
-0.007333984375,
0.0762841796875,
0.1605126953125,
0.0765283203125,
0.1133935546875,
0.1360986328125,
0.118642578125,
0.1170556640625,
0.0988671875,
0.01146484375,
0.0352685546875,
0.1271875,
0.1004541015625,
0.016591796875,
0.0621240234375,
0.0021875,
0.1008203125,
0.0721337890625,
0.0374658203125,
-0.0279638671875,
0.0057275390625,
0.08275390625,
0.0980126953125,
0.1019189453125,
0.1282861328125,
0.058583984375,
0.0230615234375,
-0.0086767578125,
-0.0247900390625,
-0.0035498046875,
-0.0124609375,
-0.026376953125,
-0.0181982421875,
0.064443359375,
0.02318359375,
0.1224267578125,
0.0872705078125,
0.066884765625,
0.01048828125,
-0.0155126953125,
-0.0763037109375,
-0.1058447265625,
-0.187265625,
-0.159189453125,
-0.0672705078125,
0.0064599609375,
0.01634765625,
0.0129296875,
-0.0372412109375,
-0.0465185546875,
-0.047373046875,
-0.0680029296875,
-0.0111181640625,
-0.1619970703125,
-0.1793310546875,
-0.1744482421875,
-0.1856787109375,
-0.1781103515625,
-0.0763037109375,
-0.097421875,
-0.0660498046875,
-0.0194189453125,
-0.056650390625,
-0.1654150390625,
-0.087900390625,
-0.071787109375,
-0.038583984375,
0.0645654296875,
0.0086572265625,
-0.092783203125,
-0.107919921875,
-0.009287109375,
-0.04908203125,
0.0187890625,
0.00047851562500001,
0.001455078125,
-0.0479833984375,
0.0318505859375,
0.0740869140625,
0.028310546875,
0.090078125,
0.1863916015625,
0.103017578125,
0.0871484375,
0.0040185546875,
-0.0326025390625,
-0.0233251953125,
0.011953125,
0.0306298828125,
0.003896484375,
0.0689599609375,
0.06078125,
0.1199853515625,
0.1418359375,
0.1086328125,
0.1187646484375,
0.1861474609375,
0.106923828125,
0.082021484375,
-0.0023291015625,
0.0140283203125,
0.0169580078125,
0.1089990234375,
0.05541015625,
0.0721337890625,
0.0491845703125,
0.1170556640625,
0.1426904296875,
0.1109521484375,
0.0403955078125,
0.0042626953125,
0.111806640625,
0.0977685546875,
0.0443017578125,
0.0228173828125,
-0.0409033203125,
-0.098642578125,
0.0357568359375,
0.0147607421875,
-0.0787451171875,
-0.099375,
0.0257470703125,
-0.0797216796875,
-0.101328125,
-0.0667822265625,
-0.061044921875,
-0.05689453125,
0.0334375,
-0.0160009765625,
-0.1143896484375,
-0.14869140625,
-0.112314453125,
-0.073740234375,
-0.1781103515625,
-0.137705078125,
-0.1228125,
-0.08423828125,
-0.1348974609375,
-0.11255859375,
-0.0943701171875,
-0.0623876953125,
-0.0326025390625,
0.06322265625,
-0.0894873046875,
-0.1234228515625,
-0.070078125,
-0.0603125,
-0.1051123046875,
-0.0741064453125,
-0.09400390625,
-0.1374609375,
-0.0145361328125,
-0.03833984375,
-0.08326171875,
-0.0692236328125,
0.0132958984375,
0.0692041015625,
0.1675927734375,
0.080556640625,
0.0015771484375,
0.0132958984375,
0.060048828125,
0.0213525390625,
0.026357421875,
-0.0172216796875,
0.0226953125,
-0.018564453125,
0.0411279296875,
0.1087548828125,
0.0916650390625,
0.11888671875,
0.16380859375,
0.1133935546875,
0.082998046875,
0.0816552734375,
0.0233056640625,
0.0499169921875,
0.0994775390625,
0.1046044921875,
0.0655419921875,
0.1714990234375,
0.120595703125,
0.163076171875,
0.1379296875,
0.116689453125,
0.0958154296875,
0.077626953125,
0.0235498046875,
0.0848291015625,
0.057607421875,
0.00560546875,
0.0667626953125,
0.0211083984375,
-0.0308935546875,
-0.004404296875,
0.0670068359375,
0.0174462890625,
-0.0731298828125,
-0.0772802734375,
-0.027109375,
-0.1373388671875,
0.031484375,
0.0486962890625,
-0.0504248046875,
-0.0553076171875,
-0.00171875,
-0.09107421875,
-0.081552734375,
-0.0886328125,
-0.099375,
-0.1380712890625,
-0.1102392578125,
-0.0868017578125,
-0.062509765625,
-0.0269873046875,
-0.016123046875,
-0.0255224609375,
-0.1009619140625,
-0.0452978515625,
-0.115732421875,
-0.092783203125,
-0.1566259765625,
-0.1878759765625,
-0.09693359375,
0.0191552734375,
-0.0335791015625,
-0.0015966796875,
-0.026376953125,
-0.00416015625,
-0.023447265625,
-0.0611669921875,
-0.1666357421875,
-0.1573583984375,
-0.103037109375,
-0.0802099609375,
0.0115869140625,
-0.06421875,
-0.0603125,
0.0518701171875,
0.1075341796875,
0.0093896484375,
0.01439453125,
-0.04810546875,
-0.0333349609375,
0.013662109375,
0.096669921875,
0.0479638671875,
0.1199853515625,
0.168935546875,
0.2012841796875,
0.15013671875,
0.1253564453125,
0.1099755859375,
0.0745751953125,
0.1242578125,
0.0770166015625,
0.0461328125,
0.134755859375,
0.2425439453125,
0.167958984375,
0.1568505859375,
0.092763671875,
0.0767724609375,
0.1183984375,
0.11400390625,
-0.0543310546875,
0.0132958984375,
-0.013681640625,
0.042470703125,
0.127431640625,
0.05443359375,
0.0374658203125,
0.0725,
0.0360009765625,
-0.023447265625,
-0.0557958984375,
-0.110361328125,
-0.1441748046875,
-0.013193359375,
0.0611474609375,
0.0125634765625,
0.0074365234375,
-0.004892578125,
0.0491845703125,
-0.1003515625,
-0.02759765625,
-0.1114599609375,
-0.171640625,
-0.1355078125,
-0.10474609375,
-0.1062109375,
-0.0238134765625,
-0.0018408203125,
0.0228173828125,
0.038076171875,
0.02708984375,
-0.01880859375,
-0.0745947265625,
-0.121103515625,
-0.180673828125,
-0.171396484375,
-0.1732275390625,
-0.0653173828125,
-0.129892578125,
-0.048837890625,
-0.075693359375,
-0.0936376953125,
-0.039072265625,
0.0523583984375,
-0.0245458984375,
-0.0428564453125,
-0.0230810546875,
-0.0982763671875,
-0.13453125,
-0.0682470703125,
-0.081552734375,
-0.033701171875,
0.0403955078125,
-0.0040380859375,
0.0284326171875,
-0.034921875,
0.0513818359375,
0.07982421875,
0.1339013671875,
0.129873046875,
0.124013671875,
0.098134765625,
0.07689453125,
0.0101220703125,
0.0460107421875,
0.0872705078125,
0.0894677734375,
0.0296533203125,
0.05833984375,
0.00096679687500001,
0.0423486328125,
0.26146484375,
0.135732421875,
0.1617333984375,
0.18236328125,
0.0965478515625,
0.03001953125,
0.045400390625,
-0.11646484375,
-0.129404296875,
0.03001953125,
0.0750634765625,
0.0418603515625,
0.1197412109375,
0.0574853515625,
0.097890625,
0.1072900390625,
0.113759765625,
0.0394189453125,
-0.0609228515625,
-0.045419921875,
-0.0905859375,
-0.0279638671875,
-0.0101416015625,
0.0076806640625,
0.088369140625,
0.1243798828125,
0.07884765625,
0.0577294921875,
0.0132958984375,
-0.0199072265625,
-0.0651953125,
0.02123046875,
-0.113046875,
-0.0767919921875,
-0.0484716796875,
-0.106455078125,
-0.09595703125,
-0.028818359375,
-0.0448095703125,
-0.00904296875,
-0.0553076171875,
-0.136484375,
-0.105234375,
-0.0794775390625,
-0.0509130859375,
-0.0472509765625,
-0.0980322265625,
-0.152353515625,
-0.125009765625,
-0.1511328125,
-0.1075537109375,
-0.18140625,
-0.1384375,
-0.1112158203125,
-0.054697265625,
-0.0020849609375,
0.0579736328125,
-0.0367529296875,
0.002919921875,
0.0572412109375,
-0.009287109375,
-0.0811865234375,
-0.1109716796875,
-0.124033203125,
-0.087900390625,
0.0291650390625,
0.04076171875,
0.147939453125,
0.11107421875,
0.1066796875,
0.1522119140625,
0.184072265625,
0.04369140625,
0.0279443359375,
-0.0847265625,
-0.0951025390625,
-0.0467626953125,
0.0279443359375,
0.01927734375,
0.1182763671875,
0.138662109375,
0.1163232421875,
0.1214501953125,
0.0637109375,
0.0814111328125,
0.0057275390625,
0.0237939453125,
-0.0247900390625,
-0.02369140625,
0.0106103515625,
0.1024072265625,
0.1365869140625,
0.1400048828125,
0.1270654296875,
0.1265771484375,
0.0526025390625,
0.1356103515625,
0.00462890625,
-0.0069677734375,
0.0372216796875,
0.059072265625,
0.0789697265625,
0.0865380859375,
0.0726220703125,
0.05541015625,
0.0972802734375,
0.0560205078125,
-0.0396826171875,
-0.080576171875,
-0.0758154296875,
-0.0843603515625,
-0.0150244140625,
-0.0311376953125,
-0.054208984375,
-0.052255859375,
0.070791015625,
-0.028818359375,
-0.0509130859375,
-0.1124365234375,
-0.145517578125,
-0.16431640625,
-0.1519873046875,
-0.123056640625,
-0.1297705078125,
-0.1295263671875,
-0.09302734375,
-0.0626318359375,
-0.0872900390625,
-0.077158203125,
-0.0770361328125,
-0.047861328125,
-0.1143896484375,
-0.11060546875,
-0.1126806640625,
-0.034921875,
-0.05640625,
-0.0319921875,
-0.0291845703125,
-0.011240234375,
-0.06666015625,
-0.00904296875,
-0.1148779296875,
-0.164072265625,
-0.021982421875,
0.036123046875,
0.029775390625,
0.0750634765625,
-9.7656249999911E-6,
-0.0462744140625,
0.1712548828125,
0.1212060546875,
-0.0162451171875,
-0.0963232421875,
-0.04615234375,
-0.126474609375,
-0.0319921875,
-0.0272314453125,
-0.0047705078125,
0.0728662109375,
0.1988427734375,
0.1856591796875,
0.1287744140625,
-0.0120947265625,
0.08177734375,
0.1902978515625,
0.0877587890625,
0.0123193359375,
-0.004892578125,
-0.006357421875,
0.043203125,
0.127919921875,
0.1170556640625,
0.168203125,
0.215322265625,
0.2471826171875,
0.117421875,
0.0418603515625,
0.0574853515625,
0.1702783203125,
0.1151025390625,
0.1155908203125,
0.01146484375,
-0.05201171875,
0.001943359375,
0.0699365234375,
-0.0128271484375,
-0.0518896484375,
-0.027841796875,
-0.041513671875,
-0.0084326171875,
-0.0587255859375,
-0.098154296875,
-0.042978515625,
0.090078125,
0.00096679687500001,
-0.0886328125,
-0.1608984375,
-0.127451171875,
-0.170419921875,
-0.0550634765625,
-0.0802099609375,
-0.1671240234375,
-0.1336767578125,
-0.01392578125,
-0.032236328125,
-0.003916015625,
0.0091455078125,
0.0031640625,
-0.0489599609375,
-0.095712890625,
-0.08130859375,
-0.1092626953125,
-0.1062109375,
-0.0245458984375,
-0.0011083984375,
-0.126474609375,
-0.0804541015625,
-0.0714208984375,
-0.040048828125,
-0.0929052734375,
-0.068857421875,
-0.11890625,
-0.0499365234375,
-0.0638525390625,
-0.05201171875,
-0.1197607421875,
-0.1041357421875,
0.02025390625,
0.0323388671875,
-0.0534765625,
-0.103525390625,
-0.0944921875,
-0.095712890625,
0.0754296875,
0.0723779296875,
0.011708984375,
0.04076171875,
0.125234375,
0.0347802734375,
0.1221826171875,
0.1133935546875,
0.067861328125,
0.111318359375,
0.1773583984375,
0.1094873046875,
0.1546533203125,
0.16771484375,
0.1382958984375,
0.2169091796875,
0.1934716796875,
0.13841796875,
0.0941064453125,
0.102041015625,
0.0748193359375,
0.0626123046875,
0.082509765625,
0.1353662109375,
0.063466796875,
0.088125,
0.0870263671875,
0.054921875,
0.025380859375,
0.07982421875,
-0.054697265625,
-0.067392578125,
-0.0435888671875,
-0.1016943359375,
-0.006357421875,
-0.00806640625,
-0.026376953125,
-0.0218603515625,
0.0181787109375,
-0.002451171875,
0.017080078125,
-0.007333984375,
-0.12037109375,
-0.1038916015625,
0.00023437500000001,
-0.105234375,
-0.10767578125,
-0.0435888671875,
-0.01880859375,
-0.097666015625,
0.023427734375,
0.0328271484375,
-0.1471044921875,
-0.097666015625,
-0.0554296875,
-0.111826171875,
-0.036875,
-0.0611669921875,
-0.1427099609375,
-0.1556494140625,
-0.14185546875,
-0.0777685546875,
-0.063486328125,
-0.0526220703125,
-0.1090185546875,
-0.066416015625,
-0.1385595703125,
-0.08814453125,
-0.0694677734375,
-0.057626953125,
-0.0821630859375,
-0.0355322265625,
-0.046396484375,
-0.0330908203125,
-0.0750830078125,
-0.0467626953125,
0.0098779296875,
0.0646875,
0.1082666015625,
0.073720703125,
0.04466796875,
0.0242822265625,
0.1531884765625,
0.10326171875,
0.1163232421875,
0.0306298828125,
0.0013330078125,
0.0745751953125,
0.1234033203125,
0.1495263671875,
0.116201171875,
0.1038720703125,
0.178212890625,
0.1516015625,
0.1158349609375,
0.0443017578125,
0.0574853515625,
0.09740234375,
0.0797021484375,
0.0652978515625,
-0.054697265625,
0.03099609375,
0.007314453125,
0.0914208984375,
0.1055810546875,
0.0578515625,
0.06859375,
0.1563623046875,
0.0949609375,
0.0308740234375,
-0.0343115234375,
-0.04224609375,
-0.04126953125,
0.017568359375,
-0.0565283203125,
-0.0847265625,
-0.032236328125,
0.0148828125,
0.1392724609375,
0.05296875,
0.028798828125,
0.0301416015625,
0.05248046875,
0.0479638671875,
-0.02759765625,
-0.132578125,
-0.1783544921875,
-0.1530859375,
-0.01880859375,
-0.0769140625,
-0.077890625,
0.0129296875,
0.105458984375,
0.0189111328125,
0.0109765625,
-0.051767578125,
-0.208505859375,
-0.1490576171875,
-0.0592138671875,
-0.1903173828125,
-0.21607421875,
-0.1410009765625,
-0.183115234375,
-0.064462890625,
-0.0035498046875,
-0.0738623046875,
-0.0238134765625,
0.0207421875,
-0.0944921875,
-0.056162109375,
-0.169443359375,
-0.1422216796875,
-0.0067236328125,
0.0013330078125,
-0.027353515625,
-0.0437109375,
-0.0534765625,
0.047109375,
0.084462890625,
0.0535791015625,
0.0391748046875,
0.0255029296875,
0.1133935546875,
0.069326171875,
-0.00074218749999999,
-0.0124609375,
0.1234033203125,
0.0930078125,
0.20140625,
0.1182763671875,
0.024892578125,
0.0384423828125,
0.0745751953125,
0.047109375,
0.097158203125,
0.0267236328125,
0.050771484375,
0.0333154296875,
0.06078125,
0.0057275390625,
0.00560546875,
0.05150390625,
0.03734375,
0.084951171875,
0.069814453125,
0.101796875,
-0.0330908203125,
0.0714013671875,
0.0919091796875,
0.019033203125,
0.0884912109375,
0.12083984375,
-0.028330078125,
-0.0618994140625,
-0.00098632812499999,
0.0677392578125,
0.0333154296875,
0.127431640625,
0.1119287109375,
0.083486328125,
0.081533203125,
0.035634765625,
0.060048828125,
-0.07349609375,
-0.1156103515625,
-0.1068212890625,
-0.0999853515625,
-0.1433203125,
-0.112314453125,
-0.0614111328125,
-0.0160009765625,
0.0147607421875,
0.093251953125,
0.0416162109375,
-0.034677734375,
-0.1488134765625,
-0.1071875,
-0.2452490234375,
-0.248056640625,
-0.16626953125,
-0.2071630859375,
-0.1070654296875,
-0.019296875,
-0.0035498046875,
-0.0140478515625,
0.029775390625,
-0.0612890625,
-0.0704443359375,
-0.015390625,
-0.0448095703125,
-0.132822265625,
-0.0983984375,
-0.1378271484375,
-0.0443212890625,
-0.0616552734375,
0.0430810546875,
0.0228173828125,
0.02904296875,
0.0191552734375,
-0.00953125,
0.041494140625,
0.08666015625,
0.0255029296875,
0.0096337890625,
0.043935546875,
-0.0111181640625,
-0.0428564453125,
0.03734375,
-0.017099609375,
-0.0953466796875,
0.0255029296875,
0.020498046875,
0.0948388671875,
0.0402734375,
0.0955712890625,
0.08421875,
0.1439111328125,
0.11791015625,
0.0811669921875,
0.0130517578125,
-0.03052734375,
0.025380859375,
0.0904443359375,
0.02416015625,
0.082509765625,
0.134267578125,
0.1756494140625,
0.2300927734375,
0.204091796875,
0.1829736328125,
0.0450341796875,
0.0977685546875,
0.016591796875,
-0.0172216796875,
-0.0247900390625,
0.0333154296875,
-0.0291845703125,
0.0318505859375,
0.1115625,
0.118642578125,
0.103994140625,
0.13451171875,
0.0535791015625,
-0.0081884765625,
-0.106943359375,
-0.161142578125,
-0.1726171875,
-0.24439453125,
-0.1590673828125,
-0.136240234375,
-0.0072119140625,
-0.0023291015625,
0.0059716796875,
-0.01783203125,
-0.00513671875,
-0.035166015625,
-0.0538427734375,
-0.0958349609375,
-0.1237890625,
-0.199716796875,
-0.10767578125,
-0.1014501953125,
-0.068857421875,
-0.0181982421875,
-0.0201513671875,
0.0037744140625,
-0.013681640625,
-0.019296875,
-0.0123388671875,
0.001455078125,
-0.0936376953125,
-0.07544921875,
-0.0261328125,
-0.084970703125,
-0.1434423828125,
-0.062021484375,
-0.1648046875,
-0.1258642578125,
-0.061533203125,
-0.0413916015625,
-0.0831396484375,
-0.0260107421875,
-0.0079443359375,
0.008779296875,
0.0357568359375,
0.0132958984375,
-0.0472509765625,
-0.0509130859375,
0.015126953125,
0.00755859375,
-0.0086767578125,
-0.0069677734375,
0.0207421875,
0.03685546875,
0.203603515625,
0.224599609375,
0.173330078125,
0.1487939453125,
0.1761376953125,
0.0601708984375,
0.1209619140625,
0.1028955078125,
0.06322265625,
0.0949609375,
0.1478173828125,
0.1070458984375,
0.1348779296875,
0.164296875,
0.1683251953125,
0.2567041015625,
0.1277978515625,
0.0589501953125,
0.0425927734375,
-0.023203125,
-0.0850927734375,
0.027822265625,
-0.0084326171875,
0.0030419921875,
0.0803125,
0.066396484375,
0.0294091796875,
0.0226953125,
0.070791015625,
0.0921533203125,
-0.04224609375,
-0.116708984375,
-0.15162109375,
-0.1942236328125,
-0.0575048828125,
-0.0592138671875,
-0.0465185546875,
-0.026376953125,
0.040029296875,
0.0490625,
0.05931640625,
0.001943359375,
-0.0015966796875,
-0.089853515625,
-0.0904638671875,
-0.135751953125,
-0.201669921875,
-0.1882421875,
-0.124033203125,
-0.1851904296875,
-0.0743505859375,
-0.0069677734375,
-0.102548828125,
-0.0457861328125,
-0.0015966796875,
-0.0855810546875,
-0.110361328125,
-0.0321142578125,
-0.1671240234375,
-0.1893408203125,
-0.22779296875,
-0.22828125,
-0.1539404296875,
-0.077646484375,
-0.04419921875,
0.065419921875,
0.085439453125,
0.0975244140625,
0.11791015625,
0.10619140625,
0.0074365234375,
-0.0306494140625,
-0.0633642578125,
-0.079599609375,
-0.034677734375,
-0.0064794921875,
0.0257470703125,
0.0985009765625,
0.20970703125,
0.19994140625,
0.1956689453125,
0.1578271484375,
0.1656396484375,
0.03880859375,
0.1309716796875,
0.1236474609375,
-0.0189306640625,
0.024404296875,
0.0687158203125,
0.0308740234375,
0.1343896484375,
0.118154296875,
0.0518701171875,
0.131337890625,
0.0989892578125,
0.0809228515625,
0.1011865234375,
0.097158203125,
-0.003427734375,
0.1027734375,
0.026357421875,
0.0115869140625,
-0.00086425781249999,
-0.0147802734375,
-0.0394384765625,
0.00951171875,
0.0237939453125,
0.052236328125,
0.01244140625,
0.0545556640625,
-0.007822265625,
0.0150048828125,
0.05638671875,
0.052724609375,
-0.02759765625,
-0.0789892578125,
-0.0894873046875,
-0.1212255859375,
0.05541015625,
-0.0286962890625,
-0.1007177734375,
-0.0792333984375,
-0.080087890625,
-0.10279296875,
-0.0628759765625,
-0.0887548828125,
-0.0841162109375,
-0.069833984375,
0.011708984375,
-0.0977880859375,
-0.1257421875,
-0.1121923828125,
-0.072275390625,
-0.0866796875,
-0.11548828125,
-0.0811865234375,
-0.152353515625,
-0.124033203125,
-0.0965673828125,
-0.1463720703125,
-0.09595703125,
-0.0203955078125,
-0.069345703125,
-0.0648291015625,
-0.08130859375,
-0.1034033203125,
-0.01783203125,
0.0760400390625,
-0.005625,
0.096669921875,
0.01048828125,
-0.03443359375,
0.0662744140625,
0.0225732421875,
-0.038583984375,
0.0333154296875,
0.08275390625,
0.051748046875,
0.113271484375,
0.0777490234375,
0.0938623046875,
0.1478173828125,
0.1807763671875,
0.1680810546875,
0.1194970703125,
-0.007822265625,
0.024892578125,
-0.0474951171875,
0.1027734375,
0.0865380859375,
0.01146484375,
0.082998046875,
0.0975244140625,
0.03197265625,
0.088125,
0.0949609375,
0.062001953125,
0.068837890625,
0.09642578125,
0.0606591796875,
0.023671875,
0.0306298828125,
-0.01197265625,
0.0402734375,
0.031484375,
0.094716796875,
-0.004404296875,
0.0051171875,
-0.0233251953125,
-0.019296875,
0.012197265625,
0.0882470703125,
0.02513671875,
0.0578515625,
0.0521142578125,
0.017568359375,
0.0247705078125,
0.0164697265625,
-0.0980322265625,
-0.1180517578125,
-0.0866796875,
-0.1497900390625,
-0.071298828125,
-0.135751953125,
-0.1355078125,
-0.0626318359375,
-0.0033056640625,
-0.0225927734375,
0.0662744140625,
-0.02662109375,
-0.1179296875,
-0.121591796875,
-0.1112158203125,
-0.2077734375,
-0.1722509765625,
-0.133798828125,
-0.0710546875,
-0.0689794921875,
-0.036630859375,
0.04857421875,
-0.057626953125,
-0.0501806640625,
-0.007333984375,
-0.077890625,
-0.0575048828125,
0.00035644531250001,
-0.1500341796875,
-0.075205078125,
-0.033212890625,
-0.0135595703125,
0.0490625,
0.0733544921875,
0.013173828125,
0.110341796875,
0.05833984375,
0.0245263671875,
0.0123193359375,
-0.03052734375,
-0.010263671875,
0.0070703125,
0.0196435546875,
-0.00025390624999999,
0.003408203125,
0.03734375,
0.0665185546875,
0.088369140625,
0.1019189453125,
0.0793359375,
0.0775048828125,
-0.024912109375,
0.043935546875,
-0.005625,
0.0843408203125,
0.1412255859375,
0.072744140625,
0.0578515625,
0.137197265625,
0.0884912109375,
0.1555078125,
0.1861474609375,
0.0743310546875,
0.0516259765625,
0.1483056640625,
0.0714013671875,
0.0220849609375,
0.0577294921875,
-0.027109375,
0.01927734375,
0.0291650390625,
0.0840966796875,
-0.0411474609375,
0.0462548828125,
0.029775390625,
-0.0174658203125,
0.03734375,
0.0589501953125,
-0.052255859375,
-0.005380859375,
-0.0203955078125,
-0.101572265625,
-0.081064453125,
-0.062998046875,
-0.1605322265625,
-0.084482421875,
-0.019296875,
-0.061533203125,
0.0363671875,
-0.0697119140625,
-0.09009765625,
-0.0487158203125,
-0.03541015625,
-0.1422216796875,
-0.1117041015625,
-0.129404296875,
-0.1566259765625,
-0.09107421875,
-0.003427734375,
-0.031259765625,
-0.005869140625,
0.018056640625,
0.029287109375,
0.0071923828125,
-0.0313818359375,
0.0120751953125,
-0.13013671875,
-0.1219580078125,
-0.12330078125,
-0.1085302734375,
-0.1036474609375,
-0.0326025390625,
-0.0916845703125,
-0.0907080078125,
0.0118310546875,
0.04173828125,
-0.0394384765625,
0.0125634765625,
-0.0972998046875,
-0.099619140625,
0.00853515625,
0.009267578125,
-0.024423828125,
0.0246484375,
0.0689599609375,
0.019521484375,
0.0985009765625,
0.0755517578125,
0.0362451171875,
0.085927734375,
0.1629541015625,
0.1251123046875,
0.12572265625,
0.0904443359375,
0.1292626953125,
0.1055810546875,
0.16283203125,
0.075185546875,
0.097646484375,
0.067373046875,
0.0369775390625,
0.0569970703125,
0.0750634765625,
0.0870263671875,
0.1321923828125,
0.148671875,
0.0960595703125,
0.088857421875,
0.107412109375,
0.08763671875,
0.015615234375,
0.0306298828125,
-0.06470703125,
-0.0489599609375,
0.0145166015625,
0.0274560546875,
-0.0570166015625,
0.04515625,
0.0399072265625,
-0.0196630859375,
0.029287109375,
0.0013330078125,
-0.1117041015625,
-0.0767919921875,
-0.024423828125,
-0.034189453125,
-0.01685546875,
0.0296533203125,
0.0203759765625,
-0.032724609375,
0.064443359375,
-0.0633642578125,
-0.0526220703125,
-0.1414892578125,
-0.1864111328125,
-0.1712744140625,
-0.0944921875,
-0.1158544921875,
-0.0465185546875,
-0.0308935546875,
-0.0326025390625,
-0.0199072265625,
-0.002451171875,
-0.0946142578125,
-0.1353857421875,
-0.1961767578125,
-0.285654296875,
-0.210458984375,
-0.198984375,
-0.15552734375,
-0.1483251953125,
-0.033212890625,
-0.01978515625,
0.06712890625,
0.03783203125,
0.04271484375,
-0.0515234375,
-0.0379736328125,
0.0186669921875,
0.0145166015625,
-0.0426123046875,
0.010732421875,
-0.046640625,
0.045888671875,
0.1844384765625,
0.1656396484375,
0.074453125,
0.082998046875,
0.1085107421875,
0.0274560546875,
0.1339013671875,
0.11693359375,
0.0950830078125,
0.169423828125,
0.181875,
0.054677734375,
0.11302734375,
0.05150390625,
0.05541015625,
0.085927734375,
0.0428369140625,
-0.009775390625,
0.0383203125,
0.066396484375,
0.1495263671875,
0.1500146484375,
0.1487939453125,
0.1607568359375,
0.0860498046875,
0.0528466796875,
-0.009775390625,
-0.025400390625,
-0.0387060546875,
-0.0511572265625,
-0.0731298828125,
0.028310546875,
-0.027109375,
0.0745751953125,
0.1418359375,
0.0792138671875,
-0.00074218749999999,
0.0572412109375,
0.0189111328125,
-0.0233251953125,
-0.042490234375,
-0.0357763671875,
-0.133310546875,
-0.1493017578125,
-0.0257666015625,
-0.0339453125,
-0.071787109375,
-0.00708984375,
-0.006357421875,
-0.1446630859375,
-0.0333349609375,
-0.0882666015625,
-0.12720703125,
-0.087900390625,
-0.0814306640625,
-0.1622412109375,
-0.065927734375,
-0.1163427734375,
-0.1632177734375,
-0.1695654296875,
-0.1378271484375,
-0.1517431640625,
-0.1023046875,
-0.0977880859375,
-0.10376953125,
-0.0677587890625,
-0.0560400390625,
0.003408203125,
-0.0372412109375,
-0.0257666015625,
-0.0284521484375,
-0.0225927734375,
-0.0465185546875,
-0.0579931640625,
-0.07154296875,
-0.05689453125,
-0.0177099609375,
0.0674951171875,
0.0500390625,
0.1168115234375,
0.0455224609375,
0.0959375,
0.111806640625,
0.079580078125,
0.1351220703125,
0.1243798828125,
0.03685546875,
0.0474755859375,
0.0865380859375,
0.04369140625,
0.1197412109375,
0.1050927734375,
0.088125,
0.095693359375,
0.087880859375,
0.0760400390625,
0.0982568359375,
0.07103515625,
0.1131494140625,
-0.00049804687499999,
0.07103515625,
0.0676171875,
0.0023095703125,
0.051015625,
0.0894677734375,
0.04173828125,
0.04076171875,
0.1004541015625,
0.0279443359375,
-0.00062011718749999,
0.06224609375,
0.0806787109375,
0.0445458984375,
0.0320947265625,
-0.0389501953125,
-0.0196630859375,
-0.0456640625,
0.0402734375,
-0.005869140625,
-0.0140478515625,
-0.0496923828125,
-0.0538427734375,
-0.0235693359375,
0.0084130859375,
-0.04224609375,
-0.028818359375,
-0.0838720703125,
-0.136484375,
-0.093515625,
-0.0745947265625,
-0.1331884765625,
-0.1197607421875,
-0.0472509765625,
-0.1159765625,
-0.0223486328125,
-0.07251953125,
-0.12134765625,
-0.0665380859375,
-0.0233251953125,
-0.1190283203125,
-0.0721533203125,
-0.1422216796875,
-0.228525390625,
-0.130625,
-0.0379736328125,
-0.0792333984375,
-0.0130712890625,
-0.020517578125,
0.0035302734375,
0.03978515625,
0.01390625,
0.0213525390625,
-0.0417578125,
-0.0382177734375,
-0.007333984375,
-0.0482275390625,
-0.120126953125,
-0.0347998046875,
-0.0135595703125,
0.0516259765625,
0.0611474609375,
0.0601708984375,
0.07298828125,
0.0891015625,
0.052724609375,
0.1287744140625,
0.081044921875,
0.0203759765625,
0.0938623046875,
0.025869140625,
-0.05884765625,
-0.0484716796875,
0.008291015625,
0.029287109375,
0.1041162109375,
0.0931298828125,
0.0965478515625,
0.1207177734375,
0.1724755859375,
0.1326806640625,
0.1490380859375,
0.108388671875,
0.0928857421875,
0.0154931640625,
0.0779931640625,
0.077626953125,
-0.053720703125,
0.0484521484375,
0.090078125,
0.0357568359375,
0.1182763671875,
0.1299951171875,
0.0281884765625,
0.0508935546875,
0.0772607421875,
0.0147607421875,
0.009755859375,
0.0108544921875,
-0.0977880859375,
-0.03345703125,
-0.1300146484375,
-0.0592138671875,
-0.0609228515625,
-0.0794775390625,
-0.0440771484375,
0.0023095703125,
-0.01197265625,
-0.01880859375,
-0.0548193359375,
-0.0640966796875,
-0.0848486328125,
-0.0789892578125,
-0.0665380859375,
-0.051279296875,
-0.0997412109375,
-0.1285498046875,
-0.018564453125,
-0.046396484375,
0.0031640625,
-0.0516455078125,
-0.045908203125,
-0.07740234375,
-0.0931494140625,
-0.10181640625,
-0.0886328125,
-0.065439453125,
-0.0660498046875,
-0.0631201171875,
-0.024912109375,
-0.04712890625,
-0.0357763671875,
-0.0186865234375,
0.02318359375,
-0.0316259765625,
-0.0985205078125,
-0.02173828125,
-0.14234375,
-0.1146337890625,
-0.105478515625,
-0.04810546875,
-0.0294287109375,
0.044423828125,
-0.01197265625,
0.0062158203125,
0.0853173828125,
0.0959375,
0.1192529296875,
0.140859375,
0.026845703125,
-0.02955078125,
0.0198876953125,
0.042470703125,
0.096181640625,
0.0528466796875,
0.106923828125,
0.095693359375,
0.1756494140625,
0.1524560546875,
0.17796875,
0.1385400390625,
0.1419580078125,
0.1183984375,
0.0882470703125,
0.012685546875,
0.00755859375,
-0.0046484375,
0.0518701171875,
0.0469873046875,
0.0640771484375,
0.087880859375,
0.0425927734375,
0.0792138671875,
0.0880029296875,
0.03734375,
0.0547998046875,
0.0572412109375,
-0.0274755859375,
-0.01001953125,
-0.0391943359375,
-0.0079443359375,
-0.0421240234375,
0.00035644531250001,
-0.038828125,
0.0207421875,
0.0169580078125,
0.0062158203125,
-0.038583984375,
-0.05005859375,
-0.040537109375,
-0.03931640625,
-0.0280859375,
-0.0391943359375,
-0.0540869140625,
-0.0409033203125,
0.0020654296875,
0.007314453125,
0.02416015625,
-0.004892578125,
-0.015390625,
-0.080576171875,
-0.0680029296875,
-0.1319677734375,
-0.100595703125,
-0.1410009765625,
-0.1485693359375,
-0.1374609375,
-0.1175634765625,
-0.11060546875,
-0.031259765625,
-0.08521484375,
-0.1241552734375,
-0.10865234375,
-0.0692236328125,
-0.1168310546875,
-0.136728515625,
-0.1092626953125,
-0.1178076171875,
-0.046396484375,
-0.0665380859375,
0.041005859375,
-0.0780126953125,
-0.01978515625,
0.0360009765625,
0.065419921875,
0.0452783203125,
0.0709130859375,
0.023916015625,
0.08763671875,
0.1102197265625,
0.0914208984375,
0.0533349609375,
0.141103515625,
0.095693359375,
0.04662109375,
0.1390283203125,
0.0909326171875,
0.080068359375,
0.0891015625,
0.13646484375,
0.043935546875,
0.1478173828125,
0.164296875,
0.124013671875,
0.0689599609375,
0.0850732421875,
0.023916015625,
0.0721337890625,
0.03490234375,
0.039052734375,
0.023427734375,
0.064931640625,
0.062978515625,
0.0960595703125,
0.0455224609375,
0.00060058593750001,
0.059560546875,
0.0198876953125,
0.0667626953125,
-0.009287109375,
-0.0355322265625,
-0.0545751953125,
0.0324609375,
0.0591943359375,
0.0803125,
0.0289208984375,
0.030751953125,
-0.00708984375,
-0.0183203125,
-0.033701171875,
-0.042734375,
-0.0936376953125,
-0.0313818359375,
-0.0163671875,
-0.070322265625,
-0.0675146484375,
0.0162255859375,
0.0145166015625,
-0.0540869140625,
-0.055673828125,
-0.072763671875,
-0.1956884765625,
-0.2165625,
-0.17408203125,
-0.271494140625,
-0.165048828125,
-0.077890625,
-0.0300390625,
-0.0640966796875,
-0.0731298828125,
-0.0921728515625,
-0.00513671875,
-0.054208984375,
-0.1234228515625,
-0.1978857421875,
-0.2113134765625,
-0.164072265625,
-0.090830078125,
-0.0759375,
-0.049326171875,
0.0511376953125,
0.108388671875,
0.1965234375,
0.1172998046875,
0.0172021484375,
-0.064462890625,
-0.00806640625,
-0.050546875,
0.0159814453125,
0.0040185546875,
0.0025537109375,
0.031484375,
0.156240234375,
0.147451171875,
0.14916015625,
0.141591796875,
0.167958984375,
0.1359765625,
0.0057275390625,
0.0528466796875,
0.0633447265625,
0.058583984375,
0.1019189453125,
0.1358544921875,
0.025869140625,
0.0803125,
0.063955078125,
0.034658203125,
0.050771484375,
0.0938623046875,
0.0989892578125,
0.1273095703125,
0.0291650390625,
0.06419921875,
0.0402734375,
0.0335595703125,
0.0843408203125,
0.040517578125,
-0.0374853515625,
-0.034677734375,
0.0345361328125,
0.024404296875,
0.0743310546875,
0.08080078125,
0.0435693359375,
-0.0094091796875,
0.026357421875,
-0.0085546875,
-0.0655615234375,
-0.1090185546875,
-0.0489599609375,
-0.0929052734375,
-0.034677734375,
0.0201318359375,
-0.0489599609375,
-0.077158203125,
-0.0086767578125,
-0.08521484375,
-0.1632177734375,
-0.167734375,
-0.1898291015625,
-0.24341796875,
-0.2240087890625,
-0.0909521484375,
-0.074716796875,
-0.015634765625,
0.07640625,
0.03001953125,
-0.1158544921875,
-0.0199072265625,
-0.0894873046875,
-0.152109375,
-0.1648046875,
-0.19751953125,
-0.1910498046875,
-0.0326025390625,
-0.034189453125,
-0.0280859375,
0.0589501953125,
0.0694482421875,
0.0501611328125,
0.119619140625,
0.0482080078125,
-0.077158203125,
-0.0111181640625,
-0.0440771484375,
-0.0401708984375,
-0.0489599609375,
-0.062021484375,
-0.022470703125,
0.1009423828125,
0.0347802734375,
0.1436669921875,
0.1848046875,
0.1115625,
0.1099755859375,
0.09642578125,
0.0626123046875,
0.0374658203125,
-0.0052587890625,
0.0128076171875,
0.0101220703125,
-0.048837890625,
0.1214501953125,
0.149892578125,
0.095693359375,
0.120595703125,
0.169423828125,
0.0943505859375,
0.1231591796875,
0.08666015625,
0.0709130859375,
0.02171875,
0.0884912109375,
0.1153466796875,
0.0933740234375,
0.05931640625,
0.08080078125,
0.06419921875,
0.083974609375,
0.0897119140625,
-0.021982421875,
-0.01978515625,
-0.0225927734375,
-0.05494140625,
-0.0284521484375,
0.02904296875,
-0.0643408203125,
-0.080576171875,
-0.0636083984375,
-0.0313818359375,
-0.06568359375,
-0.066171875,
-0.106455078125,
-0.0648291015625,
-0.118662109375,
-0.0584814453125,
-0.0094091796875,
-0.0721533203125,
-0.0611669921875,
-0.0543310546875,
-0.076181640625,
-0.0037939453125,
-0.0555517578125,
-0.0672705078125,
-0.02662109375,
-0.0748388671875,
-0.098642578125,
-0.0599462890625,
-0.058603515625,
-0.1146337890625,
-0.0313818359375,
-0.0745947265625,
-0.0199072265625,
-0.0428564453125,
-0.1368505859375,
-0.092294921875,
-0.0504248046875,
-0.1014501953125,
-0.0504248046875,
-0.0692236328125,
-0.1661474609375,
-0.068857421875,
0.0225732421875,
0.010244140625,
0.0372216796875,
0.02904296875,
0.00169921875,
0.0594384765625,
-0.0921728515625,
-0.0035498046875,
-0.061044921875,
-0.0250341796875,
0.0643212890625,
0.0871484375,
0.0743310546875,
0.0963037109375,
0.106435546875,
0.169423828125,
0.15453125,
0.145009765625,
0.0989892578125,
0.0936181640625,
0.056875,
0.0291650390625,
0.0880029296875,
0.0552880859375,
0.1712548828125,
0.130361328125,
0.1320703125,
0.0765283203125,
0.119130859375,
0.0725,
0.101796875,
0.0897119140625,
0.0208642578125,
-0.0300390625,
0.0384423828125,
-0.02076171875,
-0.022958984375,
-0.018564453125,
-0.0077001953125,
-0.01001953125,
0.0377099609375,
0.09349609375,
-0.0160009765625,
0.05150390625,
0.0207421875,
-0.018564453125,
0.0051171875,
-0.0201513671875,
-0.15455078125,
-0.1314794921875,
-0.1324560546875,
-0.095224609375,
-0.0282080078125,
0.0377099609375,
0.0274560546875,
0.134755859375,
0.1153466796875,
0.062978515625,
0.0115869140625,
-0.0987646484375,
-0.1297705078125,
-0.13892578125,
-0.1761572265625,
-0.1920263671875,
-0.14380859375,
-0.1268408203125,
0.00365234375,
0.0360009765625,
0.0855615234375,
0.0623681640625,
0.051015625,
-0.060556640625,
-0.0953466796875,
-0.2386572265625,
-0.184091796875,
-0.1651708984375,
-0.235361328125,
-0.162607421875,
-0.1026708984375,
-0.0838720703125,
0.01732421875,
0.089833984375,
-0.0077001953125,
0.0040185546875,
0.0843408203125,
0.0255029296875,
-0.0721533203125,
-0.02125,
-0.1327001953125,
-0.028330078125,
0.0491845703125,
0.131826171875,
0.0477197265625,
0.0391748046875,
0.11400390625,
0.1653955078125,
0.145986328125,
0.1436669921875,
0.090322265625,
0.0941064453125,
0.0633447265625,
0.0613916015625,
0.043447265625,
0.0402734375,
0.046865234375,
0.0572412109375,
0.1426904296875,
0.0504052734375,
0.1295068359375,
0.1036279296875,
0.1326806640625,
0.08275390625,
0.0958154296875,
0.04857421875,
0.010732421875,
-0.025888671875,
0.0076806640625,
-0.011484375,
0.0113427734375,
0.023427734375,
0.0801904296875,
0.0569970703125,
0.0832421875,
0.0877587890625,
0.067861328125,
0.0992333984375,
-0.0665380859375,
-0.0516455078125,
-0.0528662109375,
-0.110361328125,
-0.0887548828125,
-0.0081884765625,
-0.0626318359375,
-0.0047705078125,
0.0789697265625,
0.096669921875,
0.0773828125,
0.1075341796875,
-0.0037939453125,
0.013173828125,
-0.0824072265625,
-0.1976416015625,
-0.19751953125,
-0.2276708984375,
-0.18482421875,
-0.146005859375,
-0.0526220703125,
-0.06861328125,
-0.052255859375,
-0.0612890625,
-0.02515625,
-0.0245458984375,
-0.0736181640625,
-0.1433203125,
-0.1644384765625,
-0.2530615234375,
-0.2159521484375,
-0.1947119140625,
-0.079111328125,
-0.0570166015625,
-0.05494140625,
0.0228173828125,
0.06029296875,
0.0071923828125,
0.0362451171875,
0.06810546875,
-0.0026953125,
0.009267578125,
0.07005859375,
-0.009775390625,
-0.073740234375,
-0.0134375,
-0.0096533203125,
0.041494140625,
0.0474755859375,
0.1116845703125,
0.07201171875,
0.16234375,
0.1041162109375,
0.1197412109375,
0.1340234375,
0.1033837890625,
0.03685546875,
0.08958984375,
0.0277001953125,
-0.023935546875,
0.063955078125,
0.1164453125,
0.0941064453125,
0.0631005859375,
0.1496484375,
0.1431787109375,
0.13158203125,
0.063955078125,
0.0511376953125,
0.0154931640625,
0.0606591796875,
0.02708984375,
0.0186669921875,
-0.0077001953125,
-0.0015966796875,
0.065419921875,
0.150625,
0.1385400390625,
0.1036279296875,
0.079580078125,
0.070546875,
0.0490625,
-0.0047705078125,
-0.0618994140625,
-0.1507666015625,
-0.0509130859375,
-0.054697265625,
-0.085458984375,
-0.0255224609375,
0.045400390625,
-0.066171875,
0.0152490234375,
0.082509765625,
-0.02515625,
-0.12427734375,
-0.0716650390625,
-0.250986328125,
-0.305185546875,
-0.1375830078125,
-0.20923828125,
-0.209970703125,
-0.0894873046875,
-0.0345556640625,
-0.0282080078125,
0.070791015625,
-0.0037939453125,
-0.0560400390625,
-0.097177734375,
-0.13208984375,
-0.1348974609375,
-0.148447265625,
-0.161142578125,
-0.0865576171875,
-0.131845703125,
-0.021494140625,
0.023427734375,
0.049794921875,
0.09740234375,
0.0715234375,
-0.0606787109375,
-0.067880859375,
-0.0494482421875,
-0.0758154296875,
-0.068369140625,
-0.0523779296875,
-0.0261328125,
0.0811669921875,
0.119375,
0.033193359375,
0.1314599609375,
0.11009765625,
0.128896484375,
0.1270654296875,
0.0579736328125,
-0.0858251953125,
-0.0398046875,
0.0211083984375,
0.067861328125,
0.1329248046875,
0.071767578125,
0.0208642578125,
0.1336572265625,
0.22435546875,
0.1797998046875,
0.16185546875,
0.1839501953125,
0.1584375,
0.0352685546875,
0.0806787109375,
-0.017099609375,
-0.066171875,
0.0020654296875,
0.1175439453125,
0.0892236328125,
0.12376953125,
0.12474609375,
0.0875146484375,
0.0928857421875,
0.10716796875,
0.0604150390625,
0.054921875,
-0.0340673828125,
-0.0970556640625,
-0.0902197265625,
-0.1854345703125,
-0.0632421875,
-0.02759765625,
-0.0064794921875,
-0.0389501953125,
-0.004404296875,
-0.03638671875,
0.0098779296875,
-0.02515625,
-0.0374853515625,
-0.1363623046875,
-0.13306640625,
-0.081796875,
-0.1214697265625,
-0.16919921875,
-0.102060546875,
-0.140634765625,
-0.077646484375,
0.079580078125,
-0.033701171875,
-0.0726416015625,
0.020986328125,
-9.7656249999911E-6,
-0.0438330078125,
-0.0409033203125,
-0.1198828125,
-0.1783544921875,
-0.1698095703125,
-0.09791015625,
-0.11744140625,
-0.078623046875,
-0.0904638671875,
0.0079248046875,
0.0255029296875,
-0.0247900390625,
-0.041513671875,
-0.0391943359375,
-0.0855810546875,
-0.092294921875,
-0.1444189453125,
-0.0531103515625,
-0.00049804687499999,
-0.043466796875,
0.065419921875,
0.081533203125,
0.11205078125,
0.144521484375,
0.18529296875,
0.108876953125,
0.117421875,
0.044912109375,
0.0489404296875,
0.0506494140625,
0.027822265625,
0.0142724609375,
0.08470703125,
0.0958154296875,
0.1280419921875,
0.186513671875,
0.1707666015625,
0.1363427734375,
0.1613671875,
0.1668603515625,
0.0821435546875,
0.071767578125,
0.0193994140625,
0.0655419921875,
-0.042001953125,
0.0547998046875,
0.0187890625,
0.009267578125,
0.075185546875,
0.08421875,
0.0303857421875,
0.120107421875,
0.072744140625,
-0.019541015625,
-0.0448095703125,
-0.0160009765625,
-0.072763671875,
-0.0650732421875,
-0.066171875,
-0.1218359375,
-0.0640966796875,
-0.0953466796875,
0.0049951171875,
-0.0299169921875,
-0.015390625,
-0.0069677734375,
0.0090234375,
0.03294921875,
0.0103662109375,
-0.082529296875,
-0.0616552734375,
-0.10474609375,
-0.0702001953125,
-0.093515625,
-0.07837890625,
-0.14380859375,
-0.09546875,
-0.0163671875,
-0.01880859375,
0.028798828125,
-0.0474951171875,
-0.089853515625,
-0.1070654296875,
-0.0499365234375,
-0.1143896484375,
-0.133310546875,
-0.1341650390625,
-0.115732421875,
-0.0999853515625,
0.003896484375,
-0.019052734375,
0.0266015625,
0.0052392578125,
0.02416015625,
-0.012216796875,
-0.04908203125,
-0.056650390625,
-0.1573583984375,
-0.066416015625,
-0.01783203125,
-0.03150390625,
0.0562646484375,
0.1236474609375,
0.0360009765625,
0.1224267578125,
0.141103515625,
0.09203125,
0.0539453125,
0.07494140625,
-0.0213720703125,
0.0428369140625,
0.0201318359375,
0.0723779296875,
0.1008203125,
0.019033203125,
0.1066796875,
0.1558740234375,
0.1365869140625,
0.1340234375,
0.1497705078125,
0.091298828125,
-0.0026953125,
0.008291015625,
0.0443017578125,
0.0257470703125,
0.0803125,
0.0455224609375,
0.040029296875,
-0.0489599609375,
0.068349609375,
0.101796875,
0.07787109375,
0.03001953125,
0.065419921875,
0.0416162109375,
0.015615234375,
0.023671875,
-0.009775390625,
-0.0437109375,
0.049306640625,
0.0150048828125,
-0.0267431640625,
-0.0689794921875,
-0.09546875,
0.041494140625,
0.0396630859375,
0.0792138671875,
-0.01587890625,
-0.0318701171875,
-0.0086767578125,
-0.01197265625,
-0.0196630859375,
-0.045908203125,
-0.17212890625,
-0.1185400390625,
-0.094248046875,
-0.11548828125,
-0.064951171875,
-0.0352880859375,
-0.0623876953125,
-0.029306640625,
-0.0252783203125,
-0.1212255859375,
-0.0714208984375,
-0.1063330078125,
-0.1595556640625,
-0.16138671875,
-0.1610205078125,
-0.200205078125,
-0.09791015625,
-0.0846044921875,
-0.0716650390625,
-0.0391943359375,
0.06322265625,
0.0360009765625,
0.0086572265625,
-0.052744140625,
-0.0492041015625,
-0.07642578125,
0.0091455078125,
0.0445458984375,
-0.100595703125,
0.0098779296875,
0.005361328125,
0.0330712890625,
0.125966796875,
0.1072900390625,
0.0364892578125,
0.078359375,
0.1199853515625,
0.0745751953125,
0.0181787109375,
0.07201171875,
-0.0160009765625,
0.01439453125,
0.0123193359375,
0.05833984375,
0.030263671875,
0.07103515625,
0.12865234375,
0.1290185546875,
0.139150390625,
0.1292626953125,
0.0755517578125,
0.0806787109375,
0.0598046875,
0.02318359375,
0.0579736328125,
0.0399072265625,
0.01244140625,
0.0422265625,
0.1304833984375,
0.0430810546875,
0.1301171875,
0.1087548828125,
0.0628564453125,
0.040517578125,
0.0599267578125,
0.0086572265625,
0.0012109375,
0.00560546875,
-0.0269873046875,
0.0128076171875,
0.0660302734375,
0.041494140625,
0.03001953125,
0.0340478515625,
-0.020029296875,
-0.0291845703125,
-0.06666015625,
-0.0738623046875,
-0.1871435546875,
-0.0887548828125,
-0.109873046875,
-0.13013671875,
-0.097666015625,
-0.0416357421875,
-0.1190283203125,
-0.133310546875,
-0.0897314453125,
-0.094736328125,
-0.064462890625,
-0.0037939453125,
-0.0997412109375,
-0.1610205078125,
-0.11451171875,
-0.1275732421875,
-0.05103515625,
-0.1003515625,
-0.0593359375,
-0.112314453125,
-0.031259765625,
-0.0494482421875,
-0.0391943359375,
-0.0601904296875,
-0.0255224609375,
0.005361328125,
0.044912109375,
-0.02125,
-0.0294287109375,
-0.06373046875,
-0.062021484375,
-0.0304052734375,
-0.00806640625,
-0.032724609375,
-0.0308935546875,
0.0474755859375,
0.0797021484375,
0.10619140625,
0.09642578125,
0.157216796875,
0.0335595703125,
0.00072265625000001,
0.0540673828125,
0.0164697265625,
-0.0306494140625,
0.0621240234375,
0.01537109375,
0.0762841796875,
0.1490380859375,
0.180654296875,
0.12572265625,
0.1395166015625,
0.139638671875,
0.109853515625,
0.11400390625,
0.078115234375,
0.011953125,
0.0422265625,
0.1238916015625,
0.089833984375,
0.1812646484375,
0.17552734375,
0.174794921875,
0.1087548828125,
0.10619140625,
0.0130517578125,
-0.0123388671875,
-0.0660498046875,
-0.06958984375,
-0.0631201171875,
-0.0518896484375,
-0.009775390625,
0.03294921875,
0.035390625,
0.015126953125,
0.04173828125,
0.034169921875,
-0.06861328125,
-0.12232421875,
-0.139658203125,
-0.25953125,
-0.1497900390625,
-0.109873046875,
-0.0847265625,
-0.08423828125,
0.043935546875,
0.0174462890625,
0.0684716796875,
0.0374658203125,
0.004384765625,
-0.1312353515625,
-0.1296484375,
-0.0826513671875,
-0.135263671875,
-0.1566259765625,
-0.0894873046875,
-0.1373388671875,
-0.1097509765625,
0.0262353515625,
-0.050302734375,
-0.058603515625,
-0.0509130859375,
-0.0330908203125,
-0.115732421875,
-0.0609228515625,
-0.1129248046875,
-0.0632421875,
-0.081064453125,
-0.067392578125,
-0.08765625,
-0.0880224609375,
-0.0860693359375,
-0.0269873046875,
-0.01734375,
-0.055673828125,
0.0042626953125,
0.0936181640625,
0.0772607421875,
0.0801904296875,
0.05248046875,
0.0547998046875,
0.1441552734375,
0.0814111328125,
0.09056640625,
0.033681640625,
0.021474609375,
0.0755517578125,
0.1711328125,
0.108388671875,
0.1866357421875,
0.210439453125,
0.1954248046875,
0.216298828125,
0.12865234375,
0.0285546875,
0.0894677734375,
0.08568359375,
0.078115234375,
0.12767578125,
0.007802734375,
-0.027353515625,
0.0676171875,
0.1566064453125,
0.082021484375,
0.07982421875,
0.0535791015625,
0.0047509765625,
-0.106455078125,
0.0150048828125,
0.00023437500000001,
-0.07447265625,
-0.00098632812499999,
0.0128076171875,
-0.0601904296875,
0.00755859375,
-0.0179541015625,
0.0031640625,
-0.04029296875,
-0.09107421875,
-0.05494140625,
-0.0802099609375,
-0.0562841796875,
-0.0824072265625,
-0.0738623046875,
-0.107919921875,
0.0198876953125,
-0.01685546875,
-0.0077001953125,
-0.0450537109375,
-0.11548828125,
-0.1034033203125,
-0.028330078125,
-0.0985205078125,
-0.1080419921875,
-0.1322119140625,
-0.093759765625,
-0.044931640625,
-0.067880859375,
-0.135263671875,
-0.1136572265625,
-0.0189306640625,
-0.0728857421875,
-0.007333984375,
-0.054208984375,
-0.1400244140625,
-0.1114599609375,
-0.0433447265625,
-0.0944921875,
-0.0926611328125,
-0.1043798828125,
-0.038095703125,
0.0010888671875,
0.0355126953125,
0.0345361328125,
0.100087890625,
0.1297509765625,
0.124990234375,
0.0865380859375,
0.04662109375,
0.0352685546875,
-0.008310546875,
0.0086572265625,
-0.0052587890625,
0.0091455078125,
0.0704248046875,
0.176259765625,
0.1385400390625,
0.1993310546875,
0.149892578125,
0.0871484375,
0.1021630859375,
0.118642578125,
-0.00098632812499999,
0.0281884765625,
0.0291650390625,
-0.007333984375,
0.11693359375,
0.0943505859375,
0.0916650390625,
0.136953125,
0.1243798828125,
0.0870263671875,
0.058095703125,
-0.007578125,
-0.0456640625,
-0.018076171875,
0.0609033203125,
-0.0300390625,
-0.0015966796875,
0.0196435546875,
0.0223291015625,
-0.0362646484375,
0.0818994140625,
0.0086572265625,
-0.0052587890625,
0.0091455078125,
0.0704248046875,
0.176259765625,
0.1385400390625,
0.1993310546875,
0.149892578125,
0.0871484375,
0.1021630859375,
0.118642578125,
-0.00098632812499999,
0.0281884765625,
0.0291650390625,
-0.007333984375,
0.11693359375,
0.0943505859375,
0.0916650390625,
0.136953125,
0.1243798828125,
0.0870263671875,
0.058095703125,
-0.007578125,
-0.0456640625,
-0.018076171875,
0.0609033203125,
-0.0300390625,
-0.0015966796875,
0.0196435546875,
0.0223291015625,
-0.0362646484375,
0.0818994140625,
-0.14966796875,
-0.0926611328125,
-0.1243994140625,
-0.1903173828125,
-0.121591796875,
-0.0387060546875,
-0.061533203125,
0.040029296875,
0.0994775390625,
0.0725,
0.1115625,
0.1231591796875,
0.0213525390625,
0.038564453125,
-0.0326025390625,
-0.13501953125,
-0.0994970703125,
-0.036875,
0.12181640625,
0.1170556640625,
0.1920068359375,
0.1465966796875,
0.136953125,
0.1437890625,
0.135,
0.0164697265625,
0.011708984375,
-0.04810546875,
-0.011240234375,
0.0108544921875,
0.019033203125,
-0.039072265625,
0.0284326171875,
0.0687158203125,
0.151357421875,
0.1627099609375,
0.0324609375,
0.033681640625,
0.0490625,
0.09203125,
0.088857421875,
0.0715234375,
0.0298974609375,
0.05638671875,
0.0516259765625,
0.071767578125,
0.05052734375,
0.049794921875,
0.036123046875,
0.1116845703125,
0.0135400390625,
0.048818359375,
0.044423828125,
-0.0030615234375,
0.014638671875,
-0.00037597656249999,
-0.08521484375,
-0.0651953125,
-0.050302734375,
-0.1178076171875,
-0.0710546875,
-0.0465185546875,
-0.0643408203125,
-0.0399267578125,
-0.032236328125,
-0.110849609375,
-0.0367529296875,
-0.0638525390625,
-0.07447265625,
-0.1864111328125,
-0.1700537109375,
-0.1583349609375,
-0.1226904296875,
-0.0726416015625,
-0.07056640625,
-0.0863134765625,
-0.108408203125,
-0.0749609375,
-0.016123046875,
-0.0086767578125,
-0.046640625,
-0.0944921875,
-0.0802099609375,
-0.0433447265625,
-0.134775390625,
-0.01734375,
-0.08521484375,
-0.0382177734375,
0.024404296875,
0.088369140625,
0.0198876953125,
0.050771484375,
0.00609375,
-0.0123388671875,
-9.7656249999911E-6,
-0.0333349609375,
-0.0955908203125,
-0.014658203125,
0.01439453125,
-0.0269873046875,
0.038564453125,
0.0721337890625,
0.099111328125,
0.0650537109375,
0.1182763671875,
0.0215966796875,
0.0401513671875,
0.0364892578125,
0.0804345703125,
0.010244140625,
0.0617578125,
0.1203515625,
0.1092431640625,
0.0914208984375,
0.1678369140625,
0.085927734375,
0.124013671875,
0.14720703125,
0.1346337890625,
0.1268212890625,
0.055654296875,
0.0806787109375,
0.072255859375,
0.0877587890625,
0.0545556640625,
0.03587890625,
0.05150390625,
0.09251953125,
0.047109375,
0.10765625,
0.1031396484375,
0.04955078125,
-0.0084326171875,
0.0154931640625,
-0.086435546875,
-0.03736328125,
-0.0560400390625,
-0.148447265625,
-0.1375830078125,
-0.106943359375,
-0.074228515625,
-0.0183203125,
-0.002451171875,
-0.090341796875,
-0.0821630859375,
-0.0304052734375,
-0.09546875,
-0.1478369140625,
-0.0777685546875,
-0.15748046875,
-0.044443359375,
-9.7656249999911E-6,
-0.00318359375,
-0.100595703125,
0.0010888671875,
0.01634765625,
-0.0235693359375,
-0.0362646484375,
-0.0848486328125,
-0.1363623046875,
-0.1263525390625,
-0.0931494140625,
-0.05298828125,
-0.0593359375,
-0.0033056640625,
-0.0389501953125,
-0.130380859375,
-0.0711767578125,
-0.14673828125,
-0.0899755859375,
-0.145029296875,
-0.1048681640625,
-0.1402685546875,
-0.0499365234375,
-0.0260107421875,
0.015615234375,
0.06126953125,
0.057607421875,
0.0545556640625,
0.0731103515625,
-0.025400390625,
-0.0108740234375,
0.04173828125,
0.0506494140625,
0.084462890625,
0.0948388671875,
0.121328125,
0.0762841796875,
0.1780908203125,
0.08080078125,
0.1363427734375,
0.1496484375,
0.160634765625,
0.1060693359375,
0.1212060546875,
0.164296875,
0.1756494140625,
0.1783349609375,
0.24388671875,
0.1496484375,
0.0345361328125,
0.0631005859375,
0.0926416015625,
0.0079248046875,
-0.001962890625,
0.0269677734375,
-0.01783203125,
0.1339013671875,
0.0793359375,
0.0037744140625,
0.0047509765625,
0.030263671875,
0.0198876953125,
0.0228173828125,
-0.0675146484375,
-0.123056640625,
-0.1519873046875,
-0.111826171875,
-0.034189453125,
0.00060058593750001,
0.02123046875,
0.020009765625,
0.037099609375,
0.02416015625,
-0.0470068359375,
-0.072763671875,
-0.0326025390625,
-0.113779296875,
-0.06568359375,
-0.07984375,
-0.1585791015625,
-0.087412109375,
0.0051171875,
-0.087412109375,
-0.025888671875,
-0.00953125,
-0.13111328125,
-0.1960546875,
-0.142099609375,
-0.186044921875,
-0.1195166015625,
-0.0648291015625,
-0.06568359375,
-0.0970556640625,
-0.09888671875,
-0.04517578125,
-0.04810546875,
-0.028818359375,
-0.0633642578125,
-0.0853369140625,
-0.12818359375,
-0.0367529296875,
-0.07154296875,
-0.03052734375,
0.0106103515625,
0.0709130859375,
0.060537109375,
0.1473291015625,
0.073232421875,
-0.0194189453125,
0.0482080078125,
0.110341796875,
0.0933740234375,
0.1516015625,
0.0460107421875,
-0.0350439453125,
0.1336572265625,
0.07982421875,
0.125966796875,
0.17943359375,
0.14525390625,
0.0960595703125,
0.1256005859375,
0.0793359375,
0.050283203125,
0.082265625,
0.13255859375,
0.113515625,
0.042958984375,
0.027578125,
0.0606591796875,
0.0081689453125,
0.083974609375,
0.089345703125,
-0.0152685546875,
0.1253564453125,
0.049306640625,
-0.01001953125,
0.017080078125,
0.0455224609375,
0.013173828125,
0.06712890625,
0.021474609375,
-0.0955908203125,
-0.115,
-0.001962890625,
0.008779296875,
0.043447265625,
0.04125,
0.0106103515625,
-0.044443359375,
0.0389306640625,
0.033681640625,
-0.054208984375,
-0.027353515625,
-0.076669921875,
-0.0721533203125,
-0.025888671875,
-0.050791015625,
-0.05884765625,
-0.055185546875,
-0.05591796875,
-0.0506689453125,
-0.04859375,
-0.083017578125,
-0.14771484375,
-0.0277197265625,
-0.1182958984375,
-0.1541845703125,
-0.1275732421875,
-0.160654296875,
-0.202890625,
-0.061533203125,
-0.0948583984375,
-0.1019384765625,
-0.040537109375,
-0.0977880859375,
-0.0919287109375,
-0.03443359375,
-0.0201513671875,
-0.0345556640625,
-0.0108740234375,
-0.0013525390625,
-0.00074218749999999,
-0.089365234375,
0.0110986328125,
0.024892578125,
-0.0125830078125,
0.0350244140625,
0.074697265625,
-0.002939453125,
0.144521484375,
0.12181640625,
-0.010751953125,
0.0728662109375,
0.1138818359375,
0.08421875,
0.1085107421875,
0.0670068359375,
0.0274560546875,
0.156484375,
0.1180322265625,
0.134267578125,
0.073720703125,
0.0277001953125,
0.025869140625,
0.078359375,
0.0208642578125,
0.0235498046875,
-0.03345703125,
0.0316064453125,
-0.0050146484375,
0.0403955078125,
0.08275390625,
0.0748193359375,
0.097890625,
0.070546875,
0.042470703125,
0.031728515625,
0.1097314453125,
0.0228173828125,
-0.0296728515625,
-0.037119140625,
-0.029794921875,
0.0223291015625,
0.1331689453125,
0.0926416015625,
0.038564453125,
0.049306640625,
0.10326171875,
0.039541015625,
0.0447900390625,
-0.0340673828125,
-0.04615234375,
-0.0936376953125,
-0.1231787109375,
-0.1090185546875,
-0.1795751953125,
-0.10181640625,
-0.0531103515625,
-0.0477392578125,
-0.0133154296875,
-0.0343115234375,
-0.1268408203125,
-0.08521484375,
-0.1190283203125,
-0.09400390625,
-0.0531103515625,
-0.07740234375,
-0.18287109375,
-0.0999853515625,
-0.153818359375,
-0.0694677734375,
-0.0013525390625,
-0.0489599609375,
-0.0626318359375,
-0.048349609375,
-0.033212890625,
-0.081796875,
-0.0911962890625,
-0.07203125,
-0.011240234375,
0.0411279296875,
0.0320947265625,
-0.0470068359375,
-0.1107275390625,
-0.1048681640625,
0.0279443359375,
0.00096679687500001,
0.120595703125,
0.0578515625,
0.015615234375,
0.0203759765625,
0.03001953125,
-0.01099609375,
0.02123046875,
0.0687158203125,
0.0499169921875,
0.0115869140625,
0.025380859375,
-0.0570166015625,
0.009267578125,
0.0960595703125,
0.101064453125,
0.14330078125,
0.05638671875,
0.074453125,
-0.0040380859375,
0.0558984375,
-0.01001953125,
0.028310546875,
0.1002099609375,
0.1653955078125,
0.1158349609375,
0.0992333984375,
0.119130859375,
0.1954248046875,
0.2274072265625,
0.2076318359375,
0.0826318359375,
-0.0299169921875,
-0.0714208984375,
-0.0726416015625,
0.027333984375,
-0.050302734375,
0.0051171875,
0.092763671875,
0.1736962890625,
0.10228515625,
0.0812890625,
0.0049951171875,
-0.01294921875,
-0.0382177734375,
-0.0286962890625,
-0.1839697265625,
-0.2406103515625,
-0.2009375,
-0.0814306640625,
-0.087900390625,
-0.0098974609375,
0.0735986328125,
0.00365234375,
0.0285546875,
-0.0378515625,
-0.11890625,
-0.095712890625,
-0.047373046875,
-0.1197607421875,
-0.0946142578125,
-0.12427734375,
-0.1374609375,
-0.0450537109375,
0.0519921875,
-0.068369140625,
-0.036875,
-0.06861328125,
-0.026376953125,
-0.0409033203125,
-0.108896484375,
-0.0982763671875,
-0.0631201171875,
-0.0015966796875,
-0.0462744140625,
-0.08716796875,
-0.1198828125,
-0.1527197265625,
-0.0604345703125,
-0.046884765625,
-0.097421875,
-0.044443359375,
-0.0636083984375,
0.036123046875,
-0.0103857421875,
0.0609033203125,
-0.0030615234375,
-0.0160009765625,
-0.0186865234375,
-0.010751953125,
-0.00611328125,
0.04271484375,
0.0662744140625,
0.065419921875,
0.1121728515625,
0.1652734375,
0.1365869140625,
0.162099609375,
0.1981103515625,
0.0832421875,
0.105947265625,
0.095205078125,
0.1107080078125,
0.00023437500000001,
0.1253564453125,
0.07005859375,
0.0709130859375,
0.1736962890625,
0.1590478515625,
0.0574853515625,
0.1321923828125,
0.163564453125,
0.11009765625,
0.1151025390625,
0.075185546875,
0.00047851562500001,
-0.0223486328125,
-0.0339453125,
-0.0553076171875,
0.0070703125,
-0.0401708984375,
0.042470703125,
0.0631005859375,
0.065419921875,
-0.03052734375,
0.0089013671875,
0.01537109375,
-0.03541015625,
-0.066171875,
-0.10376953125,
-0.13990234375,
-0.08912109375,
-0.079599609375,
-0.0446875,
0.03294921875,
0.0558984375,
0.0816552734375,
-0.016611328125,
-0.0538427734375,
-0.1270849609375,
-0.1514990234375,
-0.144296875,
-0.0866796875,
-0.2035009765625,
-0.18189453125,
-0.06861328125,
-0.073251953125,
-0.05884765625,
-0.0081884765625,
-0.101083984375,
-0.1119482421875,
-0.0782568359375,
-0.142099609375,
-0.2019140625,
-0.1878759765625,
-0.1895849609375,
-0.113779296875,
-0.0163671875,
-0.0103857421875,
-0.006845703125,
0.0233056640625,
0.1014306640625,
0.0530908203125,
0.05541015625,
0.0120751953125,
0.026357421875,
-0.0174658203125,
-0.0474951171875,
-0.0378515625,
0.0279443359375,
0.025869140625,
0.184072265625,
0.154287109375,
0.1584375,
0.1810205078125,
0.087392578125,
0.0748193359375,
0.0828759765625,
0.095693359375,
0.1002099609375,
0.1219384765625,
0.0490625,
0.08373046875,
0.038076171875,
0.1026513671875,
0.1434228515625,
0.150380859375,
0.072255859375,
0.11888671875,
0.0799462890625,
0.0352685546875,
0.0816552734375,
0.1089990234375,
0.003896484375,
0.0870263671875,
0.116689453125,
-0.04126953125,
-0.08814453125,
-0.0728857421875,
-0.0191748046875,
-0.062998046875,
0.0977685546875,
0.129140625,
0.1124169921875,
0.059560546875,
0.0812890625,
0.0129296875,
0.0193994140625,
-0.062265625,
-0.0719091796875,
-0.1615087890625,
-0.2066748046875,
-0.1392919921875,
-0.0484716796875,
-0.019296875,
0.0836083984375,
0.10912109375,
0.062490234375,
0.0601708984375,
-0.1120703125,
-0.186044921875,
-0.2147314453125,
-0.2425634765625,
-0.2352392578125,
-0.161875,
-0.1322119140625,
-0.0633642578125,
-0.0335791015625,
-0.001474609375,
0.023671875,
-0.0201513671875,
-0.0826513671875,
-0.0467626953125,
-0.206064453125,
-0.2409765625,
-0.16822265625,
-0.16919921875,
-0.148203125,
0.0179345703125,
0.0333154296875,
0.0391748046875,
0.165029296875,
0.06810546875,
-0.0290625,
-0.00708984375,
-0.036875,
-0.0506689453125,
0.0500390625,
-0.00953125,
0.033681640625,
0.0408837890625,
0.0921533203125,
0.136220703125,
0.142080078125,
0.089345703125,
0.117421875,
0.05296875,
0.0738427734375,
0.107412109375,
0.02708984375,
0.0851953125,
0.1182763671875,
0.1624658203125,
0.130361328125,
0.0413720703125,
-0.0152685546875,
0.0467431640625,
-0.0120947265625,
0.0928857421875,
0.1021630859375,
0.073720703125,
0.0364892578125,
0.0911767578125,
0.069326171875,
0.04564453125,
0.0184228515625,
0.0511376953125,
-0.0533544921875,
-0.0335791015625,
-0.0066015625,
-0.0150244140625,
0.0801904296875,
0.13109375,
0.10130859375,
0.050771484375,
0.1385400390625,
-0.003671875,
-0.0347998046875,
-0.0367529296875,
-0.109384765625,
-0.112314453125,
0.004384765625,
-0.079111328125,
-0.102060546875,
-0.0516455078125,
0.014638671875,
-0.020029296875,
0.00951171875,
-0.06666015625,
-0.140390625,
-0.1140234375,
-0.1534521484375,
-0.0968115234375,
-0.1776220703125,
-0.2052099609375,
-0.094248046875,
-0.05591796875,
-0.0697119140625,
0.002919921875,
-0.032236328125,
-0.0495703125,
-0.036630859375,
-0.04419921875,
-0.0738623046875,
-0.0592138671875,
-0.1452734375,
-0.00049804687499999,
-0.075693359375,
-0.151376953125,
0.0152490234375,
-0.0262548828125,
-0.0631201171875,
0.067373046875,
0.0266015625,
-0.066416015625,
0.0519921875,
0.032705078125,
-0.022470703125,
0.0032861328125,
0.0178125,
0.01634765625,
0.0811669921875,
-0.021494140625,
0.027333984375,
-0.0072119140625,
0.0945947265625,
0.0773828125,
0.026845703125,
0.0457666015625,
0.03880859375,
0.0577294921875,
0.105703125,
0.0291650390625,
0.008046875,
0.0226953125,
0.1006982421875,
0.111806640625,
0.0963037109375,
0.0919091796875,
0.062001953125,
0.1495263671875,
0.0949609375,
0.1500146484375,
0.0931298828125,
0.071767578125,
0.036123046875,
0.071279296875,
0.0767724609375,
0.0555322265625,
0.060537109375,
0.104970703125,
0.0701806640625,
0.0633447265625,
0.0601708984375,
0.03001953125,
0.0059716796875,
-0.023935546875,
-0.0477392578125,
-0.0965673828125,
0.0098779296875,
-0.073251953125,
-0.086923828125,
-0.0492041015625,
-0.0223486328125,
-0.0476171875,
0.051015625,
-0.071298828125,
-0.1280615234375,
-0.0603125,
-0.047861328125,
-0.0736181640625,
-0.044443359375,
-0.070078125,
-0.041513671875,
-0.0145361328125,
-0.0753271484375,
-0.0983984375,
-0.11548828125,
-0.0550634765625,
-0.0196630859375,
-0.03541015625,
-0.0833837890625,
-0.0238134765625,
-0.06763671875,
-0.0033056640625,
-0.0328466796875,
-0.0570166015625,
-0.0714208984375,
-0.0631201171875,
-0.1539404296875,
-0.1519873046875,
-0.1671240234375,
-0.101083984375,
0.0504052734375,
0.0106103515625,
-0.0167333984375,
-0.0147802734375,
0.026845703125,
0.02220703125,
-0.0130712890625,
-0.0643408203125,
-0.11939453125,
-0.090341796875,
0.0218408203125,
-0.0279638671875,
-0.0113623046875,
0.00267578125,
0.098623046875,
0.1418359375,
0.2354638671875,
0.172353515625,
0.02416015625,
0.08421875,
0.07689453125,
0.0247705078125,
0.07201171875,
0.0938623046875,
0.101796875,
0.181142578125,
0.1636865234375,
0.089345703125,
0.1009423828125,
0.1789453125,
0.1014306640625,
0.1089990234375,
0.0012109375,
0.00072265625000001,
-0.0223486328125,
0.0831201171875,
0.07103515625,
0.06810546875,
0.1136376953125,
0.1089990234375,
0.0472314453125,
-0.0130712890625,
-0.02759765625,
-0.0194189453125,
0.0596826171875,
0.04369140625,
-0.0338232421875,
-0.026865234375,
-0.0261328125,
-0.0365087890625,
0.11791015625,
-0.0296728515625,
-0.0814306640625,
0.0091455078125,
0.037587890625,
-0.089853515625,
-0.0604345703125,
-0.0726416015625,
-0.0982763671875,
0.05296875,
0.0799462890625,
-0.0593359375,
-0.077646484375,
-0.0789892578125,
-0.0675146484375,
-0.0592138671875,
-0.128671875,
-0.0987646484375,
-0.1109716796875,
-0.043955078125,
-0.1097509765625,
-0.11451171875,
-0.1519873046875,
-0.0964453125,
-0.124765625,
-0.1550390625,
-0.18580078125,
-0.1593115234375,
-0.11646484375,
-0.055185546875,
-0.096201171875,
-0.0423681640625,
-0.03248046875,
0.0148828125,
0.0793359375,
-0.0284521484375,
-0.0675146484375,
-0.0933935546875,
0.0074365234375,
-0.013193359375,
0.0013330078125,
-0.0025732421875,
0.0811669921875,
0.16673828125,
0.1736962890625,
0.1656396484375,
0.17162109375,
0.1028955078125,
0.1248681640625,
0.03685546875,
0.0670068359375,
-0.049814453125,
-0.0638525390625,
0.0826318359375,
0.072255859375,
0.1497705078125,
0.2147119140625,
0.1965234375,
0.1555078125,
0.213857421875,
0.1341455078125,
0.0676171875,
0.021962890625,
-0.0118505859375,
-0.071787109375,
-0.0125830078125,
0.012197265625,
0.0640771484375,
0.0447900390625,
0.0770166015625,
0.0665185546875,
0.0950830078125,
0.10326171875,
0.0547998046875,
-0.016123046875,
-0.0843603515625,
0.0010888671875,
0.0167138671875,
0.046376953125,
0.0440576171875,
0.039052734375,
-0.0025732421875,
0.0186669921875,
-0.04712890625,
-0.0101416015625,
-0.0692236328125,
-0.0753271484375,
-0.05640625,
-0.02466796875,
-0.1117041015625,
-0.01490234375,
0.0106103515625,
-0.095224609375,
-0.0833837890625,
-0.02759765625,
-0.177744140625,
-0.1966650390625,
-0.13990234375,
-0.2127783203125,
-0.165048828125,
-0.1258642578125,
-0.0855810546875,
-0.1075537109375,
-0.0589697265625,
-0.1131689453125,
-0.043955078125,
-0.0291845703125,
-0.0738623046875,
-0.177255859375,
-0.0990087890625,
-0.0885107421875,
-0.1041357421875,
-0.02955078125,
-0.043955078125,
-0.100107421875,
0.024892578125,
0.05443359375,
0.010244140625,
0.00267578125,
-0.00611328125,
0.0402734375,
0.05345703125,
0.102041015625,
0.0350244140625,
0.0340478515625,
0.0550439453125,
0.1021630859375,
0.1050927734375,
0.130849609375,
0.0579736328125,
0.097890625,
0.0441796875,
0.025869140625,
0.0757958984375,
0.1575830078125,
0.102041015625,
0.06810546875,
0.0955712890625,
0.076162109375,
0.12376953125,
0.1234033203125,
0.0840966796875,
-0.0339453125,
0.027822265625,
0.033193359375,
-0.0091650390625,
-0.0094091796875,
0.081044921875,
0.0558984375,
0.1574609375,
0.1417138671875,
0.04857421875,
-0.0059912109375,
0.1053369140625,
0.09544921875,
0.07982421875,
0.0206201171875,
-0.0406591796875,
-0.1344091796875,
-0.100107421875,
0.015859375,
-0.0179541015625,
0.0010888671875,
0.0533349609375,
0.02513671875,
-0.1004736328125,
-0.02662109375,
-0.042001953125,
-0.0440771484375,
-0.0433447265625,
-0.087900390625,
-0.2193701171875,
-0.114755859375,
-0.1627294921875,
-0.152353515625,
-0.1077978515625,
-0.13208984375,
-0.098154296875,
0.028798828125,
-0.06373046875,
-0.1452734375,
-0.0789892578125,
-0.0977880859375,
-0.027353515625,
-0.0238134765625,
-0.110361328125,
-0.141611328125,
-0.0749609375,
-0.1119482421875,
-0.0050146484375,
-0.0167333984375,
-0.0280859375,
-0.0511572265625,
0.0091455078125,
-0.0202734375,
-0.0291845703125,
-0.020517578125,
0.0726220703125,
0.0472314453125,
0.029287109375,
0.0738427734375,
-0.045419921875,
-0.0880224609375,
0.03783203125,
0.0472314453125,
-0.021005859375,
0.070791015625,
0.013173828125,
-0.0306494140625,
0.011220703125,
0.0994775390625,
0.0511376953125,
0.1060693359375,
0.089833984375,
0.1155908203125,
0.0501611328125,
0.0599267578125,
0.1175439453125,
0.1092431640625,
0.0711572265625,
0.057607421875,
0.0457666015625,
0.109609375,
0.102041015625,
0.0660302734375,
0.0728662109375,
0.015126953125,
0.0850732421875,
0.1812646484375,
0.164541015625,
0.0936181640625,
0.13353515625,
0.013173828125,
0.0823876953125,
0.114248046875,
-0.0094091796875,
-0.0470068359375,
-0.001474609375,
-0.0601904296875,
-0.02369140625,
-0.0230810546875,
-0.026865234375,
-0.054208984375,
-0.0144140625,
0.003408203125,
-0.0438330078125,
-0.054697265625,
-0.0710546875,
-0.0709326171875,
-0.142587890625,
-0.091806640625,
-0.12232421875,
-0.09986328125,
-0.069833984375,
-0.0655615234375,
-0.0694677734375,
0.0599267578125,
-0.0218603515625,
-0.0274755859375,
0.0285546875,
-0.035166015625,
-0.0833837890625,
0.007802734375,
-0.102548828125,
-0.1558935546875,
-0.04029296875,
-0.0675146484375,
0.0079248046875,
-0.019541015625,
-0.0897314453125,
-0.0799658203125,
-0.0533544921875,
-0.170908203125,
-0.0977880859375,
-0.0948583984375,
-0.1569921875,
-0.068125,
0.00011230468750001,
-0.007333984375,
0.05833984375,
0.0441796875,
0.0753076171875,
0.0257470703125,
-0.0601904296875,
0.008046875,
-0.077646484375,
-0.1073095703125,
-0.0653173828125,
-0.0011083984375,
0.02611328125,
0.1282861328125,
0.168203125,
0.131826171875,
0.1287744140625,
0.2090966796875,
0.12669921875,
0.1077783203125,
0.0601708984375,
0.0521142578125,
0.020498046875,
0.0904443359375,
0.11302734375,
0.0452783203125,
0.146962890625,
0.0999658203125,
0.1065576171875,
0.162587890625,
0.138662109375,
0.0577294921875,
0.0550439453125,
0.0486962890625,
0.05931640625,
0.080556640625,
0.060048828125,
-0.037607421875,
0.0316064453125,
-0.05591796875,
-0.0658056640625,
-0.0462744140625,
-0.0758154296875,
-0.042490234375,
0.0345361328125,
0.0801904296875,
0.0558984375,
0.0333154296875,
0.0186669921875,
0.053212890625,
0.030263671875,
-0.043466796875,
-0.073740234375,
-0.081796875,
-0.15259765625,
-0.0948583984375,
-0.11939453125,
0.0655419921875,
0.0767724609375,
0.0598046875,
0.0882470703125,
0.006337890625,
-0.077646484375,
-0.025400390625,
-0.0446875,
-0.1471044921875,
-0.148935546875,
-0.138193359375,
-0.147958984375,
-0.063486328125,
-0.060068359375,
-0.098154296875,
-0.004892578125,
-0.0799658203125,
-0.048349609375,
-0.1417333984375,
-0.144296875,
-0.1917822265625,
-0.1461279296875,
-0.0789892578125,
-0.05689453125,
-0.0780126953125,
-0.0465185546875,
-0.027109375,
0.0399072265625,
0.026357421875,
-0.00220703125,
-0.086923828125,
-0.0916845703125,
-0.049326171875,
-0.0072119140625,
0.1705224609375,
0.0460107421875,
0.0643212890625,
0.144765625,
0.1978662109375,
0.1048486328125,
0.11205078125,
0.047109375,
0.008291015625,
0.067373046875,
0.1263330078125,
0.037587890625,
0.11400390625,
0.196279296875,
0.17552734375,
0.1379296875,
0.095693359375,
0.0943505859375,
0.0735986328125,
0.130361328125,
0.023671875,
-0.0155126953125,
0.0230615234375,
0.0402734375,
0.0057275390625,
0.078603515625,
0.0452783203125,
0.0552880859375,
0.0491845703125,
0.0562646484375,
-0.0228369140625,
0.022939453125,
0.0137841796875,
0.04369140625,
0.0831201171875,
0.0049951171875,
-9.7656249999911E-6,
0.0494287109375,
0.0230615234375,
-0.0138037109375,
-0.0123388671875,
-0.0389501953125,
-0.0105078125,
-0.036142578125,
-0.0072119140625,
-0.028818359375,
0.0233056640625,
-0.00708984375,
0.054189453125,
-0.0592138671875,
-0.0799658203125,
-0.1239111328125,
-0.1619970703125,
-0.1134130859375,
-0.155283203125,
-0.1717626953125,
-0.050546875,
-0.08228515625,
-0.1452734375,
-0.1458837890625,
-0.031748046875,
-0.0748388671875,
-0.1056005859375,
-0.062509765625,
-0.18677734375,
-0.1876318359375,
-0.1532080078125,
-0.065439453125,
-0.1139013671875,
-0.0326025390625,
-0.080087890625,
-0.0413916015625,
-0.032236328125,
-0.0516455078125,
-0.0826513671875,
-0.033212890625,
-0.020517578125,
0.0408837890625,
0.05052734375,
0.05833984375,
0.0323388671875,
0.0994775390625,
0.1243798828125,
0.0518701171875,
0.1131494140625,
0.017568359375,
0.0157373046875,
0.0584619140625,
0.123037109375,
0.0970361328125,
0.1082666015625,
0.0782373046875,
0.1036279296875,
0.1048486328125,
0.1270654296875,
0.0988671875,
0.1077783203125,
0.047109375,
0.0621240234375,
0.031484375,
0.0923974609375,
0.0809228515625,
0.0125634765625,
0.0779931640625,
0.041005859375,
0.0291650390625,
0.0462548828125,
0.065908203125,
0.0277001953125,
0.1209619140625,
0.10619140625,
0.1041162109375,
0.0938623046875,
0.0789697265625,
0.0032861328125,
0.0699365234375,
0.040517578125,
-0.03296875,
-0.133310546875,
-0.111826171875,
-0.07251953125,
-0.0433447265625,
0.012685546875,
0.0357568359375,
0.0430810546875,
-0.04029296875,
-0.0476171875,
-0.012216796875,
-0.0616552734375,
-0.1253759765625,
-0.11451171875,
-0.1800634765625,
-0.1856787109375,
-0.144052734375,
-0.0506689453125,
-0.09693359375,
-0.0372412109375,
-0.04517578125,
-0.031259765625,
-0.1198828125,
-0.11548828125,
-0.1556494140625,
-0.21998046875,
-0.1192724609375,
-0.062998046875,
-0.0953466796875,
-0.047373046875,
-0.0203955078125,
-0.046396484375,
-0.011240234375,
-0.05005859375,
-0.04078125,
-0.0894873046875,
-0.0201513671875,
-0.0875341796875,
-0.0203955078125,
-0.011484375,
0.02611328125,
0.0701806640625,
0.1182763671875,
0.0826318359375,
0.0733544921875,
0.08666015625,
-0.005625,
-0.0499365234375,
-0.0079443359375,
0.030751953125,
0.03294921875,
0.065908203125,
-0.0241796875,
-0.0138037109375,
0.0528466796875,
0.1956689453125,
0.1693017578125,
0.128896484375,
0.0599267578125,
0.1080224609375,
0.1089990234375,
0.1060693359375,
0.0308740234375,
0.0850732421875,
0.1295068359375,
0.0914208984375,
0.1246240234375,
0.062978515625,
0.0128076171875,
0.07884765625,
0.172841796875,
0.11400390625,
0.1155908203125,
0.1209619140625,
0.090322265625,
-0.01783203125,
0.008779296875,
0.0255029296875,
-0.036142578125,
-0.0257666015625,
0.0584619140625,
-0.1182958984375,
-0.095224609375,
0.0447900390625,
0.036123046875,
0.0076806640625,
-0.0035498046875,
-0.05298828125,
-0.089609375,
-0.10962890625,
-0.125498046875,
-0.136484375,
-0.1102392578125,
-0.0452978515625,
-0.0106298828125,
-0.02759765625,
-0.0523779296875,
-0.00062011718749999,
-0.0411474609375,
0.0057275390625,
-0.0672705078125,
-0.1296484375,
-0.2096044921875,
-0.1589453125,
-0.1153662109375,
-0.0728857421875,
-0.0448095703125,
-0.0365087890625,
0.005361328125,
0.0364892578125,
0.011220703125,
0.0291650390625,
-0.0599462890625,
-0.1353857421875,
-0.1146337890625,
-0.21265625,
-0.1820166015625,
-0.1346533203125,
-0.0554296875,
-0.0418798828125,
0.0721337890625,
0.01390625,
0.031240234375,
0.0814111328125,
0.030263671875,
0.015126953125,
0.0377099609375,
-0.0103857421875,
-0.03443359375,
-0.0208837890625,
-0.015634765625,
0.0259912109375,
0.0174462890625,
0.1761376953125,
0.1846826171875,
0.1561181640625,
0.1390283203125,
0.17943359375,
0.105458984375,
0.1619775390625,
0.127919921875,
0.0408837890625,
-0.0406591796875,
0.03978515625,
0.073720703125,
0.0801904296875,
0.083974609375,
0.0970361328125,
0.129873046875,
0.148916015625,
0.213857421875,
0.0804345703125,
0.0648095703125,
0.0113427734375,
-0.0015966796875,
-9.7656249999911E-6,
-0.0557958984375,
-0.1060888671875,
-0.0521337890625,
-0.103525390625,
-0.0216162109375,
0.0461328125,
0.0676171875,
0.0301416015625,
0.069814453125,
-0.0352880859375,
-0.0599462890625,
0.0013330078125,
-0.10181640625,
-0.122568359375,
-0.046640625,
-0.02759765625,
-0.01880859375,
0.007802734375,
-0.0438330078125,
-0.0438330078125,
0.0070703125,
0.0159814453125,
-0.0328466796875,
-0.0252783203125,
-0.0855810546875,
0.0035302734375,
-0.019052734375,
-0.0614111328125,
-0.101083984375,
-0.1198828125,
-0.0699560546875,
-0.1170751953125,
-0.1380712890625,
-0.09986328125,
-0.1101171875,
-0.0964453125,
-0.018076171875,
-0.0213720703125,
-0.0347998046875,
0.0193994140625,
0.04564453125,
-0.0955908203125,
-0.071298828125,
-0.1783544921875,
-0.1131689453125,
-0.0811865234375,
-0.0767919921875,
-0.088388671875,
-0.01587890625,
0.052724609375,
0.1434228515625,
0.1534326171875,
0.0474755859375,
-0.0202734375,
0.0467431640625,
0.044423828125,
-0.0066015625,
-0.0201513671875,
0.028798828125,
0.0891015625,
0.067373046875,
0.2806298828125,
0.1263330078125,
0.06615234375,
0.1321923828125,
0.1265771484375,
0.061513671875,
0.1297509765625,
0.048818359375,
0.015615234375,
0.077138671875,
0.09837890625,
0.040029296875,
0.1008203125,
0.082509765625,
0.04173828125,
0.0457666015625,
-0.023203125,
0.0274560546875,
0.0137841796875,
0.0743310546875,
0.0725,
0.0718896484375,
0.070791015625,
0.0797021484375,
-0.011728515625,
0.00084472656250001,
-0.0489599609375,
-0.0120947265625,
0.041005859375,
-0.0026953125,
-0.0550634765625,
0.054189453125,
0.076162109375,
0.089345703125,
0.139150390625,
0.0035302734375,
-0.11109375,
-0.1029150390625,
-0.1429541015625,
-0.20044921875,
-0.1248876953125,
-0.152841796875,
-0.013193359375,
0.0853173828125,
0.0635888671875,
0.043447265625,
0.05638671875,
-0.0372412109375,
-0.034189453125,
-0.181162109375,
-0.2718603515625,
-0.2762548828125,
-0.2965185546875,
-0.2362158203125,
-0.148447265625,
-0.089853515625,
0.077138671875,
0.1390283203125,
0.0184228515625,
-0.005380859375,
-0.036875,
-0.112314453125,
-0.1300146484375,
-0.163828125,
-0.2371923828125,
-0.1641943359375,
-0.1156103515625,
0.0567529296875,
0.0311181640625,
0.0677392578125,
0.1280419921875,
0.1407373046875,
0.114248046875,
0.0462548828125,
-0.033212890625,
-0.0138037109375,
-0.01001953125,
0.067861328125,
0.05833984375,
0.0147607421875,
0.07494140625,
0.11595703125,
0.1204736328125,
0.0611474609375,
0.1907861328125,
0.1129052734375,
0.0500390625,
0.038564453125,
0.0450341796875,
0.031240234375,
0.1131494140625,
0.0963037109375,
0.04076171875,
0.0101220703125,
0.0262353515625,
0.0734765625,
0.17552734375,
0.095205078125,
0.062001953125,
0.1437890625,
0.1126611328125,
0.1002099609375,
0.004384765625,
0.0012109375,
-0.0299169921875,
0.0140283203125,
0.0233056640625,
0.051748046875,
-0.0045263671875,
0.062978515625,
0.1546533203125,
0.1024072265625,
0.07298828125,
0.0267236328125,
-0.0904638671875,
-0.02125,
-0.1511328125,
-0.198984375,
-0.125498046875,
-0.1717626953125,
-0.07447265625,
-0.042978515625,
0.0035302734375,
-0.03638671875,
0.0240380859375,
-0.005625,
-0.0599462890625,
-0.0794775390625,
-0.1226904296875,
-0.1825048828125,
-0.1563818359375,
-0.2038671875,
-0.179208984375,
-0.1768896484375,
-0.059580078125,
-0.0726416015625,
-0.07203125,
0.00072265625000001,
-0.0479833984375,
-0.0326025390625,
0.0186669921875,
-0.036142578125,
-0.1698095703125,
-0.1541845703125,
-0.0865576171875,
-0.132822265625,
-0.0716650390625,
0.0110986328125,
-0.0709326171875,
0.0555322265625,
0.0887353515625,
0.1146142578125,
0.0851953125,
0.111318359375,
0.0455224609375,
0.0672509765625,
0.007802734375,
-0.04126953125,
-0.0286962890625,
0.00365234375,
0.00951171875,
0.0208642578125,
0.085439453125,
0.105703125,
0.1295068359375,
0.1500146484375,
0.153798828125,
0.07982421875,
0.13890625,
0.0379541015625,
0.023427734375,
0.0477197265625,
0.0598046875,
0.0867822265625,
0.1461083984375,
0.0989892578125,
0.095693359375,
0.1458642578125,
0.178212890625,
0.1675927734375,
0.1646630859375,
0.1002099609375,
0.0113427734375,
0.033681640625,
-0.020517578125,
0.0062158203125,
-0.065439453125,
-0.003427734375,
-0.0094091796875,
-0.0025732421875,
0.016591796875,
0.0539453125,
0.00084472656250001,
0.0242822265625,
0.0186669921875,
-0.0345556640625,
-0.1129248046875,
-0.076181640625,
-0.127939453125,
-0.1275732421875,
-0.034677734375,
-0.1021826171875,
-0.08375,
-0.0560400390625,
-0.06373046875,
-0.062509765625,
0.06078125,
-0.008310546875,
-0.0579931640625,
-0.0748388671875,
-0.1239111328125,
-0.139169921875,
-0.1292822265625,
-0.17310546875,
-0.1051123046875,
-0.129892578125,
-0.0759375,
-0.007822265625,
0.024404296875,
-0.013193359375,
-0.0308935546875,
-0.0528662109375,
-0.0767919921875,
-0.1214697265625,
-0.1569921875,
-0.174326171875,
-0.1986181640625,
-0.1236669921875,
-0.0052587890625,
0.043935546875,
0.0042626953125,
0.12279296875,
0.0613916015625,
0.0482080078125,
0.0250146484375,
-0.0525,
-0.1419775390625,
-0.02271484375,
0.0049951171875,
-0.0011083984375,
0.07494140625,
0.081533203125,
0.1263330078125,
0.22826171875,
0.2322900390625,
0.1496484375,
0.19994140625,
0.1556298828125,
0.1226708984375,
0.0252587890625,
0.0461328125,
0.044912109375,
0.1160791015625,
0.0832421875,
0.120107421875,
0.0594384765625,
0.134755859375,
0.17015625,
0.16869140625,
0.0738427734375,
0.033193359375,
0.1085107421875,
0.101552734375,
0.0040185546875,
-0.0711767578125,
-0.0769140625,
-0.15259765625,
0.0435693359375,
0.0179345703125,
-0.04712890625,
-0.04029296875,
0.0753076171875,
0.0569970703125,
0.094716796875,
0.054677734375,
0.03490234375,
-0.082529296875,
-0.062265625,
-0.0975439453125,
-0.1862890625,
-0.1628515625,
-0.1041357421875,
-0.0692236328125,
-0.0604345703125,
0.0396630859375,
0.05833984375,
0.0596826171875,
0.034658203125,
-0.048349609375,
-0.1063330078125,
-0.034921875,
-0.1356298828125,
-0.1683447265625,
-0.1497900390625,
-0.1722509765625,
-0.1400244140625,
0.0132958984375,
-0.056650390625,
-0.0456640625,
-0.0201513671875,
-0.04078125,
-0.02125,
-0.0687353515625,
-0.1439306640625,
-0.1297705078125,
-0.0980322265625,
-0.09302734375,
-0.0133154296875,
-0.0538427734375,
-0.0540869140625,
-0.0089208984375,
0.050283203125,
0.0306298828125,
0.038076171875,
-0.0474951171875,
0.043935546875,
0.022451171875,
0.069326171875,
0.088369140625,
0.0369775390625,
0.0394189453125,
0.099599609375,
0.0909326171875,
0.0754296875,
0.1008203125,
0.04857421875,
0.0484521484375,
0.09056640625,
0.093740234375,
0.0779931640625,
0.0848291015625,
0.1019189453125,
0.12767578125,
0.020498046875,
0.1099755859375,
0.0447900390625,
0.0557763671875,
0.037587890625,
0.0411279296875,
0.018544921875,
0.0408837890625,
0.0621240234375,
0.0687158203125,
0.0242822265625,
0.0486962890625,
0.0880029296875,
0.075185546875,
0.019765625,
-0.0157568359375,
0.0184228515625,
-0.0118505859375,
0.048818359375,
-0.0255224609375,
-0.0238134765625,
-0.030771484375,
0.0545556640625,
0.05248046875,
0.0804345703125,
0.01830078125,
-0.0257666015625,
0.002431640625,
0.0023095703125,
-0.0516455078125,
-0.0472509765625,
-0.099375,
-0.04517578125,
-0.06080078125,
-0.1112158203125,
-0.0011083984375,
0.0147607421875,
-0.0423681640625,
-0.039072265625,
-0.0573828125,
-0.176767578125,
-0.0866796875,
-0.1536962890625,
-0.1971533203125,
-0.14478515625,
-0.11451171875,
-0.1231787109375,
-0.07740234375,
-0.1126806640625,
-0.0526220703125,
-0.01490234375,
-0.0186865234375,
-0.01099609375,
-0.0880224609375,
-0.1143896484375,
-0.1134130859375,
-0.0943701171875,
-0.048837890625,
-0.033212890625,
-0.0609228515625,
0.0316064453125,
0.02904296875,
0.0892236328125,
0.1065576171875,
0.0648095703125,
0.0012109375,
0.0633447265625,
-0.015390625,
0.032216796875,
0.04564453125,
-0.0374853515625,
-0.0066015625,
0.062734375,
0.086904296875,
0.081533203125,
0.1165673828125,
0.1155908203125,
0.03392578125,
0.0812890625,
0.0748193359375,
0.009755859375,
0.12083984375,
0.0704248046875,
0.036123046875,
-0.0433447265625,
0.087880859375,
0.0406396484375,
0.025380859375,
0.1031396484375,
0.0447900390625,
0.027578125,
0.1856591796875,
0.118154296875,
0.0726220703125,
0.070302734375,
0.0851953125,
0.1104638671875,
0.1109521484375,
0.04271484375,
-0.0196630859375,
0.0646875,
-0.015634765625,
0.040517578125,
0.0296533203125,
0.03392578125,
0.04662109375,
0.051015625,
0.01244140625,
-0.0426123046875,
-0.124521484375,
-0.088388671875,
-0.06373046875,
-0.0730078125,
-0.095224609375,
-0.08130859375,
-0.1043798828125,
-0.051767578125,
-0.026865234375,
-0.10572265625,
0.00096679687500001,
-0.1446630859375,
-0.17701171875,
-0.144052734375,
-0.1571142578125,
-0.164072265625,
-0.0804541015625,
-0.063974609375,
-0.0719091796875,
-0.014658203125,
0.0435693359375,
-0.0482275390625,
-0.005869140625,
-0.073251953125,
-0.1339208984375,
-0.1578466796875,
-0.167001953125,
-0.12720703125,
-0.16529296875,
-0.019296875,
-0.0138037109375,
0.0298974609375,
0.1417138671875,
0.1727197265625,
0.1036279296875,
0.046376953125,
-0.05201171875,
-0.0858251953125,
-0.088876953125,
-0.044931640625,
-0.1129248046875,
-0.0525,
-0.041025390625,
0.102529296875,
0.1636865234375,
0.1158349609375,
0.1280419921875,
0.154287109375,
0.1574609375,
0.0631005859375,
-0.01197265625,
-0.0460302734375,
-0.019541015625,
0.0457666015625,
0.1368310546875,
0.108388671875,
0.0726220703125,
0.0949609375,
0.212392578125,
0.158681640625,
0.21947265625,
0.1502587890625,
0.12083984375,
0.13548828125,
0.0518701171875,
0.0313623046875,
0.0855615234375,
0.055166015625,
-0.008310546875,
0.0958154296875,
0.0496728515625,
0.0064599609375,
0.0871484375,
0.099111328125,
0.0123193359375,
0.0511376953125,
-0.0208837890625,
-0.0241796875,
-0.127939453125,
-0.1361181640625,
-0.146005859375,
-0.1062109375,
-0.082041015625,
-0.0501806640625,
-0.043466796875,
-0.0347998046875,
-0.0462744140625,
-0.019541015625,
-0.0282080078125,
-0.032236328125,
-0.0826513671875,
-0.091318359375,
-0.0824072265625,
-0.15455078125,
-0.0401708984375,
-0.11841796875,
-0.0799658203125,
-0.02173828125,
0.02025390625,
-0.035654296875,
-0.0072119140625,
-0.06373046875,
-0.1031591796875,
-0.06958984375,
-0.03150390625,
-0.12671875,
-0.0872900390625,
-0.1483251953125,
-0.1805517578125,
-0.0990087890625,
-0.1042578125,
-0.0514013671875,
-0.0495703125,
0.0118310546875,
-0.0067236328125,
0.020498046875,
-0.00074218749999999,
-0.041513671875,
-0.0767919921875,
-0.045419921875,
-0.0850927734375,
-0.0446875,
-0.007822265625,
0.066640625,
0.0462548828125,
0.1063134765625,
0.168203125,
0.225576171875,
0.164052734375,
0.119130859375,
0.141103515625,
0.067861328125,
0.141591796875,
0.08373046875,
0.0277001953125,
0.0596826171875,
0.1301171875,
0.1849267578125,
0.243154296875,
0.166494140625,
0.211171875,
0.17552734375,
0.202626953125,
0.113515625,
0.090078125,
-0.02955078125,
-0.0377294921875,
0.0076806640625,
-0.066416015625,
-0.0411474609375,
0.00560546875,
0.0150048828125,
-0.01294921875,
0.0865380859375,
0.1077783203125,
0.0189111328125,
0.043447265625,
0.0178125,
-0.1715185546875,
-0.07203125,
-0.0941259765625,
-0.14673828125,
-0.170419921875,
-0.0723974609375,
-0.0765478515625,
0.0521142578125,
0.08666015625,
0.0767724609375,
0.0128076171875,
-0.0330908203125,
-0.0308935546875,
-0.0515234375,
-0.150888671875,
-0.131357421875,
-0.1324560546875,
-0.1910498046875,
-0.0726416015625,
-0.11109375,
-0.0975439453125,
-0.0555517578125,
0.0345361328125,
-0.0384619140625,
0.0125634765625,
-0.0915625,
-0.1667578125,
-0.1612646484375,
-0.1431982421875,
-0.1700537109375,
-0.098154296875,
-0.1019384765625,
-0.0699560546875,
0.006826171875,
-0.0316259765625,
-0.0369970703125,
0.03392578125,
0.0435693359375,
-0.0113623046875,
0.0598046875,
-0.062998046875,
-0.052255859375,
-0.005380859375,
0.0021875,
0.0179345703125,
0.0637109375,
0.0750634765625,
0.1573388671875,
0.1336572265625,
0.172841796875,
0.1340234375,
0.1075341796875,
0.1555078125,
0.1275537109375,
0.0435693359375,
0.0324609375,
0.0386865234375,
0.03587890625,
0.1331689453125,
0.0853173828125,
0.0687158203125,
0.1175439453125,
0.2078759765625,
0.1277978515625,
0.0367333984375,
0.00755859375,
0.0330712890625,
-0.047373046875,
0.028310546875,
0.0467431640625,
-0.0675146484375,
-0.022470703125,
0.027822265625,
0.01439453125,
0.070546875,
0.0731103515625,
0.125966796875,
0.0372216796875,
-0.0924169921875,
-0.0651953125,
-0.005869140625,
-0.0055029296875,
0.0020654296875,
0.053701171875,
-0.09546875,
-0.0367529296875,
0.0490625,
0.021962890625,
-0.012705078125,
0.01341796875,
-0.004404296875,
0.02123046875,
-0.0765478515625,
-0.116953125,
-0.126962890625,
-0.0651953125,
-0.0567724609375,
-0.024912109375,
-0.0911962890625,
-0.1483251953125,
-0.0691015625,
-0.0880224609375,
-0.0614111328125,
-0.085703125,
-0.1021826171875,
-0.113291015625,
-0.09595703125,
-0.1888525390625,
-0.1568701171875,
-0.1295263671875,
-0.1497900390625,
-0.0593359375,
-0.0066015625,
-0.08326171875,
-0.01099609375,
-0.0145361328125,
0.0262353515625,
0.078603515625,
-0.032724609375,
-0.00062011718749999,
-0.01880859375,
-0.069345703125,
-0.0626318359375,
0.0023095703125,
-0.011728515625,
0.0865380859375,
0.1241357421875,
0.1204736328125,
0.0891015625,
0.1607568359375,
0.1695458984375,
0.1382958984375,
0.085439453125,
0.0372216796875,
-0.0671484375,
-0.0267431640625,
0.101796875,
-0.021494140625,
0.0196435546875,
0.0718896484375,
0.055654296875,
0.118154296875,
0.1487939453125,
0.042470703125,
0.0174462890625,
0.0402734375,
0.0460107421875,
-0.033212890625,
-0.0409033203125,
-0.01685546875,
0.0402734375,
0.054189453125,
0.1109521484375,
0.1297509765625,
0.1094873046875,
0.1036279296875,
0.133291015625,
0.0628564453125,
0.09154296875,
0.0770166015625,
-0.01685546875,
-0.0445654296875,
-0.0699560546875,
-0.0343115234375,
0.022939453125,
0.0274560546875,
-0.04029296875,
0.04857421875,
-0.0184423828125,
-0.02076171875,
-0.00953125,
-0.058115234375,
-0.0968115234375,
-0.004404296875,
-0.062265625,
-0.1424658203125,
-0.16236328125,
-0.1876318359375,
-0.136240234375,
-0.0603125,
-0.0636083984375,
-0.09986328125,
-0.0662939453125,
-0.0467626953125,
-0.0261328125,
-0.0999853515625,
-0.0387060546875,
-0.0982763671875,
-0.1322119140625,
-0.1676123046875,
-0.1864111328125,
-0.1908056640625,
-0.066171875,
-0.047373046875,
0.0067041015625,
0.0128076171875,
0.023427734375,
0.0519921875,
0.1290185546875,
0.0462548828125,
-0.034189453125,
-0.01685546875,
-0.0858251953125,
0.006826171875,
-0.08912109375,
-0.0792333984375,
-0.0406591796875,
0.022451171875,
0.052236328125,
0.1158349609375,
0.058828125,
0.018544921875,
0.03490234375,
0.1212060546875,
0.06908203125,
0.01537109375,
-0.0716650390625,
-0.071298828125,
-0.0301611328125,
0.0403955078125,
0.112783203125,
0.05296875,
0.1229150390625,
0.169423828125,
0.15013671875,
0.15306640625,
0.1641748046875,
0.085439453125,
0.0928857421875,
0.0909326171875,
0.0812890625,
-0.01392578125,
0.039541015625,
0.0967919921875,
0.209462890625,
0.1871240234375,
0.169912109375,
0.1348779296875,
0.0206201171875,
0.0057275390625,
0.01341796875,
-0.01587890625,
-0.02173828125,
-0.035166015625,
-0.0846044921875,
-0.0433447265625,
-0.0592138671875,
-0.00318359375,
0.0652978515625,
0.0762841796875,
-0.067880859375,
-0.0540869140625,
-0.1590673828125,
-0.1324560546875,
-0.093759765625,
-0.0960791015625,
-0.12720703125,
-0.0907080078125,
-0.080576171875,
-0.0963232421875,
-0.1077978515625,
-0.08375,
-0.01001953125,
0.0611474609375,
0.0843408203125,
0.00609375,
-0.0482275390625,
-0.068125,
-0.0573828125,
-0.1540625,
-0.0321142578125,
-0.1749365234375,
-0.188486328125,
-0.1090185546875,
-0.09595703125,
-0.0802099609375,
0.059560546875,
0.0609033203125,
0.0880029296875,
0.0435693359375,
-0.027841796875,
-0.1556494140625,
-0.14869140625,
-0.1258642578125,
-0.187265625,
-0.1478369140625,
-0.1422216796875,
-0.057626953125,
-0.0573828125,
0.058095703125,
0.088369140625,
0.1722314453125,
0.21068359375,
0.16966796875,
0.02123046875,
-0.006357421875,
-0.0548193359375,
-0.00098632812499999,
0.05052734375,
0.119619140625,
0.0977685546875,
0.122548828125,
0.169423828125,
0.2195947265625,
0.297109375,
0.191640625,
0.209951171875,
0.1805322265625,
0.104970703125,
0.0150048828125,
0.0228173828125,
0.0168359375,
0.0699365234375,
0.08177734375,
0.1600244140625,
0.08470703125,
0.1119287109375,
0.087880859375,
0.11302734375,
0.0628564453125,
0.0132958984375,
-0.0404150390625,
-0.1229345703125,
-0.0511572265625,
-0.1043798828125,
-0.0848486328125,
-0.0023291015625,
0.0289208984375,
-0.019052734375,
0.0152490234375,
0.036123046875,
0.0279443359375,
-0.008798828125,
-0.00513671875,
-0.1236669921875,
-0.0560400390625,
-0.0794775390625,
-0.036630859375,
-0.0645849609375,
-0.1341650390625,
-0.12525390625,
-0.077158203125,
-0.0448095703125,
-0.023935546875,
-0.0618994140625,
-0.0672705078125,
-0.06568359375,
-0.0426123046875,
-0.0809423828125,
-0.113046875,
-0.1151220703125,
-0.1744482421875,
-0.129404296875,
-0.2198583984375,
-0.1439306640625,
-0.1578466796875,
-0.06568359375,
-0.040048828125,
-0.0108740234375,
0.0196435546875,
0.047841796875,
-0.0203955078125,
-0.050546875,
-0.035654296875,
-0.0257666015625,
-0.0875341796875,
-0.0704443359375,
0.0047509765625,
-0.0431005859375,
0.0441796875,
0.1251123046875,
0.1273095703125,
0.0672509765625,
0.1907861328125,
0.1203515625,
0.1224267578125,
0.1365869140625,
0.0975244140625,
0.01830078125,
0.0809228515625,
0.073720703125,
0.064443359375,
0.0875146484375,
0.117421875,
0.117421875,
0.11009765625,
0.1946923828125,
0.1590478515625,
0.120595703125,
0.0279443359375,
-0.003427734375,
-0.00171875,
0.0711572265625,
0.0037744140625,
0.010732421875,
0.019521484375,
0.0801904296875,
0.164052734375,
0.1981103515625,
0.0799462890625,
0.04515625,
-0.0147802734375,
-0.043466796875,
-0.03248046875,
-0.0760595703125,
-0.0806982421875,
-0.04126953125,
0.04515625,
0.0363671875,
0.024892578125,
0.073720703125,
0.0718896484375,
-0.0201513671875,
0.0037744140625,
-0.0889990234375,
-0.191171875,
-0.1217138671875,
-0.075693359375,
-0.1702978515625,
-0.031748046875,
0.0272119140625,
-0.0089208984375,
-0.05103515625,
-0.0440771484375,
-0.103037109375,
-0.046884765625,
-0.026865234375,
-0.102060546875,
-0.168955078125,
-0.183603515625,
-0.171640625,
-0.112802734375,
-0.0738623046875,
-0.122568359375,
-0.0645849609375,
-0.0492041015625,
-0.0575048828125,
-0.1151220703125,
-0.0985205078125,
-0.1151220703125,
-0.0211279296875,
-9.7656249999911E-6,
0.0106103515625,
-0.046640625,
-0.042978515625,
-0.0291845703125,
-0.0257666015625,
0.023671875,
0.0320947265625,
-0.0301611328125,
0.013662109375,
0.0865380859375,
-0.0284521484375,
0.04271484375,
0.1548974609375,
0.160634765625,
0.141591796875,
0.184072265625,
0.0279443359375,
0.0484521484375,
0.0480859375,
0.01927734375,
-0.0062353515625,
0.0148828125,
0.09154296875,
0.1243798828125,
0.12962890625,
0.1485498046875,
0.094716796875,
0.0803125,
0.18041015625,
0.0428369140625,
-0.042734375,
-0.1182958984375,
-0.0877783203125,
0.021474609375,
0.1216943359375,
0.0550439453125,
0.0910546875,
0.11302734375,
0.1710107421875,
0.1224267578125,
0.0330712890625,
-0.02369140625,
-0.0181982421875,
-0.039072265625,
-0.018564453125,
-0.0113623046875,
-0.0914404296875,
-0.07251953125,
0.0504052734375,
0.0679833984375,
0.04076171875,
0.063466796875,
0.0147607421875,
-0.0260107421875,
-0.14380859375,
-0.1727392578125,
-0.074716796875,
-0.0550634765625,
-0.0886328125,
-0.01978515625,
-0.1077978515625,
-0.10865234375,
0.02708984375,
-0.0134375,
-0.15796875,
-0.079599609375,
-0.094736328125,
-0.103525390625,
-0.0431005859375,
-0.15552734375,
-0.1959326171875,
-0.095224609375,
-0.020029296875,
-0.0636083984375,
-0.0462744140625,
-0.066416015625,
-0.03296875,
-0.05201171875,
0.0069482421875,
-0.0535986328125,
-0.1009619140625,
-0.0616552734375,
0.015859375,
-0.04126953125,
-0.0089208984375,
-0.027109375,
0.0020654296875,
0.0464990234375,
0.0051171875,
0.0201318359375,
0.0499169921875,
-0.0118505859375,
-0.009287109375,
0.115712890625,
0.002919921875,
0.0855615234375,
0.068349609375,
-0.0282080078125,
-0.0785009765625,
0.0174462890625,
-0.001474609375,
0.0416162109375,
0.1048486328125,
0.118154296875,
0.04271484375,
0.165029296875,
0.18236328125,
0.1453759765625,
0.096181640625,
0.013662109375,
-0.021494140625,
-0.03443359375,
0.09447265625,
0.0240380859375,
0.1050927734375,
0.14671875,
0.0809228515625,
0.1242578125,
0.23119140625,
0.0945947265625,
0.0391748046875,
0.0645654296875,
-0.0179541015625,
-0.0662939453125,
0.0178125,
-0.0130712890625,
0.04759765625,
0.056630859375,
0.0457666015625,
0.0567529296875,
-0.0172216796875,
-0.075205078125,
-0.1038916015625,
-0.073984375,
-0.0960791015625,
-0.0806982421875,
-0.1140234375,
-0.1042578125,
-0.073740234375,
0.020986328125,
0.0567529296875,
0.0250146484375,
-0.077158203125,
-0.0291845703125,
-0.159189453125,
-0.1355078125,
-0.0653173828125,
-0.1608984375,
-0.1324560546875,
0.025869140625,
-0.0423681640625,
-0.0553076171875,
0.0637109375,
-0.03296875,
-0.023447265625,
0.0301416015625,
-0.0474951171875,
-0.1449072265625,
-0.1361181640625,
-0.1749365234375,
-0.1146337890625,
-0.1361181640625,
-0.027353515625,
-0.0066015625,
-0.0040380859375,
-0.0290625,
-0.0723974609375,
-0.1198828125,
-0.01734375,
-0.0240576171875,
-0.02369140625,
-0.04615234375,
-0.049814453125,
-0.0250341796875,
0.05443359375,
0.1360986328125,
0.02806640625,
0.0472314453125,
0.0284326171875,
0.038564453125,
0.0020654296875,
0.03392578125,
0.0386865234375,
0.1631982421875,
0.2335107421875,
0.242177734375,
0.13744140625,
0.1229150390625,
0.0648095703125,
0.1027734375,
0.12328125,
0.0521142578125,
0.0652978515625,
0.0245263671875,
0.0363671875,
0.088857421875,
0.21556640625,
0.1317041015625,
0.1584375,
0.1375634765625,
0.035390625,
-0.0084326171875,
0.0403955078125,
-0.0548193359375,
-0.029306640625,
0.036611328125,
0.0457666015625,
-0.0163671875,
0.0748193359375,
0.04955078125,
0.009755859375,
0.0035302734375,
-0.0670263671875,
-0.0406591796875,
-0.0936376953125,
-0.0398046875,
-0.014658203125,
0.0391748046875,
0.0245263671875,
0.016103515625,
0.01,
0.002431640625,
-0.077158203125,
-0.060068359375,
-0.1080419921875,
-0.1456396484375,
-0.1917822265625,
-0.1081640625,
-0.1355078125,
-0.0579931640625,
0.0692041015625,
-0.0614111328125,
-0.06373046875,
-0.0369970703125,
-0.09400390625,
-0.1671240234375,
-0.1446630859375,
-0.2408544921875,
-0.2650244140625,
-0.15357421875,
-0.1029150390625,
-0.1514990234375,
-0.074716796875,
-0.0665380859375,
0.017568359375,
0.040517578125,
0.1086328125,
0.00951171875,
-0.0260107421875,
-0.039560546875,
-0.0846044921875,
-0.0240576171875,
0.009267578125,
-0.00953125,
0.01439453125,
0.04125,
0.0538232421875,
0.0767724609375,
0.1182763671875,
0.1945703125,
0.1514794921875,
0.207998046875,
0.1375634765625,
0.1251123046875,
0.00658203125,
0.075185546875,
0.083974609375,
0.0521142578125,
0.0611474609375,
0.0159814453125,
0.0042626953125,
0.0655419921875,
0.131337890625,
0.1451318359375,
0.1807763671875,
0.185537109375,
0.13451171875,
0.087880859375,
0.031484375,
-0.038583984375,
0.0753076171875,
-0.0277197265625,
-0.0308935546875,
0.003896484375,
0.023916015625,
0.030751953125,
0.1317041015625,
0.08177734375,
0.0042626953125,
0.0767724609375,
0.099111328125,
0.015615234375,
0.011708984375,
-0.02076171875,
-0.0897314453125,
-0.021494140625,
0.01537109375,
-0.021494140625,
-0.097666015625,
-0.0304052734375,
-0.098642578125,
-0.0525,
-0.0826513671875,
-0.0399267578125,
-0.06373046875,
-0.07154296875,
-0.05201171875,
-0.0406591796875,
-0.088388671875,
-0.0692236328125,
-0.1473486328125,
-0.1390478515625,
-0.1309912109375,
-0.1256201171875,
-0.1287939453125,
-0.1627294921875,
-0.1522314453125,
-0.1331884765625,
-0.046640625,
-0.0440771484375,
-0.079599609375,
-0.0799658203125,
-0.07154296875,
-0.0904638671875,
-0.053232421875,
-0.089609375,
-0.0118505859375,
-0.02369140625,
0.0228173828125,
-0.0045263671875,
0.056142578125,
-0.0077001953125,
-0.0118505859375,
-0.003427734375,
-0.001474609375,
0.0374658203125,
0.096181640625,
0.085927734375,
0.043935546875,
0.1148583984375,
0.1365869140625,
0.16283203125,
0.1807763671875,
0.1258447265625,
-0.0147802734375,
0.0285546875,
0.050771484375,
0.059560546875,
-0.0511572265625,
0.0626123046875,
0.093740234375,
0.1320703125,
0.2152001953125,
0.12328125,
0.0584619140625,
0.1002099609375,
0.088125,
0.0269677734375,
-0.0277197265625,
-0.0255224609375,
0.006337890625,
0.0157373046875,
0.09984375,
0.0360009765625,
0.1535546875,
0.0880029296875,
0.12572265625,
0.0728662109375,
0.0021875,
-0.0650732421875,
0.0042626953125,
-0.0418798828125,
-0.0587255859375,
0.076650390625,
0.0591943359375,
-0.01734375,
0.0490625,
-0.0255224609375,
-0.12232421875,
-0.0465185546875,
-0.0589697265625,
-0.1305029296875,
-0.1776220703125,
-0.115732421875,
-0.1668798828125,
-0.0357763671875,
0.0181787109375,
0.03099609375,
-0.00953125,
-0.0399267578125,
-0.14625,
-0.1589453125,
-0.174326171875,
-0.1853125,
-0.1820166015625,
-0.0836279296875,
-0.0406591796875,
-0.0409033203125,
-0.0296728515625,
-0.0179541015625,
-0.0282080078125,
0.007314453125,
0.0428369140625,
-0.0748388671875,
-0.162119140625,
-0.1569921875,
-0.0843603515625,
-0.0769140625,
0.020986328125,
0.01341796875,
0.0513818359375,
0.0803125,
0.06224609375,
0.024892578125,
0.0464990234375,
-0.062998046875,
0.00853515625,
0.0740869140625,
-0.0094091796875,
-0.034921875,
0.0311181640625,
-0.0183203125,
-0.0037939453125,
0.1231591796875,
0.0301416015625,
-0.1853125,
-0.1820166015625,
-0.0836279296875,
-0.0406591796875,
-0.0409033203125,
-0.0296728515625,
-0.0179541015625,
-0.0282080078125,
0.007314453125,
0.0428369140625,
-0.0748388671875,
-0.162119140625,
-0.1569921875,
-0.0843603515625,
-0.0769140625,
0.020986328125,
0.01341796875,
0.0513818359375,
0.0803125,
0.06224609375,
0.024892578125,
0.0464990234375,
-0.062998046875,
0.00853515625,
0.0740869140625,
-0.0094091796875,
-0.034921875,
0.0311181640625,
-0.0183203125,
-0.0037939453125,
0.1231591796875,
0.0301416015625,
-0.043466796875,
-0.0264990234375,
-0.1026708984375,
-0.0743505859375,
0.0345361328125,
0.00853515625,
0.0438134765625,
-0.0223486328125,
-0.1060888671875,
-0.042001953125,
-0.01197265625,
-0.11890625,
-0.1156103515625,
-0.1589453125,
-0.174326171875,
-0.128427734375,
-0.045419921875,
-0.0643408203125,
0.0148828125,
0.0930078125,
0.1107080078125,
0.003896484375,
-0.0417578125,
-0.0389501953125,
-0.13892578125,
-0.1661474609375,
-0.18091796875,
-0.217783203125,
-0.17310546875,
-0.037607421875,
-0.0540869140625,
-0.0140478515625,
0.03880859375,
0.0672509765625,
0.0511376953125,
0.045888671875,
-0.0811865234375,
-0.05591796875,
-0.136240234375,
-0.1270849609375,
-0.0594580078125,
-0.085458984375,
-0.0651953125,
-0.0350439453125,
0.05443359375,
0.115224609375,
0.1262109375,
0.1341455078125,
0.1281640625,
0.1131494140625,
0.190419921875,
0.125234375,
0.114248046875,
0.05931640625,
0.036611328125,
-0.013681640625,
0.08421875,
0.090078125,
0.06322265625,
0.0823876953125,
0.135244140625,
0.14134765625,
0.1812646484375,
0.096669921875,
0.008779296875,
0.019033203125,
0.0181787109375,
0.0650537109375,
0.0386865234375,
0.0027978515625,
-0.0194189453125,
0.07201171875,
0.1028955078125,
0.1568505859375,
0.06078125,
0.0228173828125,
0.0101220703125,
-0.039072265625,
-0.10181640625,
-0.038095703125,
-0.0977880859375,
-0.0706884765625,
0.04173828125,
0.0355126953125,
0.00169921875,
0.0765283203125,
0.0486962890625,
0.022451171875,
0.05150390625,
-0.10865234375,
-0.101083984375,
-0.118173828125,
-0.1366064453125,
-0.1107275390625,
-0.0362646484375,
-0.0167333984375,
0.032216796875,
0.004384765625,
-0.0233251953125,
-0.0616552734375,
-0.027109375,
-0.0511572265625,
-0.0894873046875,
-0.1742041015625,
-0.151865234375,
-0.1937353515625,
-0.2155859375,
-0.0391943359375,
-0.159921875,
-0.1458837890625,
-0.0975439453125,
-0.1031591796875,
