Filename,STFMB-20200928-0105-0070_20210106_084704_002.dat
Sample Rate,2000
Sample Rate,2000
Sample Rate,2000
-0.0784267578125,
0.1622958984375,
-0.071224609375,
-0.325619140625,
-0.29803125,
-0.0584072265625,
0.0271640625,
-0.096126953125,
-0.1970791015625,
-0.165462890625,
-0.094662109375,
-0.0811123046875,
-0.185482421875,
-0.0474208984375,
0.0822177734375,
-0.100765625,
-0.1328701171875,
0.0545078125,
0.1329990234375,
0.0289951171875,
-0.0405849609375,
-0.0842861328125,
0.072330078125,
0.11944921875,
0.0409580078125,
-0.0711025390625,
-0.0112880859375,
0.112857421875,
0.13702734375,
0.1618076171875,
0.15753515625,
-0.055599609375,
-0.0557216796875,
0.1969638671875,
0.4041171875,
0.2283359375,
0.0739169921875,
0.012759765625,
0.102115234375,
0.33624609375,
0.2523837890625,
-0.0029873046875,
0.00055273437500003,
0.0927158203125,
0.07257421875,
0.1034580078125,
0.192447265625,
0.151919921875,
-0.0696376953125,
-0.0977138671875,
-0.08172265625,
0.15948828125,
0.114322265625,
-0.1492275390625,
-0.1946376953125,
0.02276953125,
0.008609375,
-0.1958583984375,
-0.1926845703125,
-0.1204189453125,
-0.0537685546875,
-0.0335048828125,
-0.241146484375,
-0.202328125,
0.05353125,
-0.05340234375,
-0.1533779296875,
-0.10223046875,
-0.0285,
-0.1043056640625,
-0.2195400390625,
-0.25115625,
-0.0388759765625,
-0.0232509765625,
-0.135189453125,
-0.1731533203125,
-0.1506923828125,
-0.1975673828125,
-0.122005859375,
-0.034115234375,
0.131412109375,
0.0238681640625,
-0.192806640625,
-0.0859951171875,
0.3034091796875,
0.24737890625,
0.0280185546875,
-0.15301171875,
-0.098568359375,
0.1911044921875,
0.2606845703125,
0.07550390625,
-0.006771484375,
0.116763671875,
0.06573828125,
0.005435546875,
0.1037021484375,
0.2394443359375,
0.1093173828125,
0.0115390625,
-0.026546875,
0.23663671875,
0.3170810546875,
0.1521640625,
-0.0206875,
0.133365234375,
0.2565341796875,
0.11847265625,
-0.050716796875,
0.0355869140625,
0.1517978515625,
0.1918369140625,
0.0451083984375,
-0.0454677734375,
0.018130859375,
0.0182529296875,
-0.0620693359375,
-0.1826748046875,
-0.0064052734375,
0.030826171875,
-0.085384765625,
-0.225521484375,
-0.1563076171875,
-0.04851953125,
-0.0435146484375,
-0.0796474609375,
-0.116146484375,
-0.255794921875,
-0.130306640625,
-0.02312890625,
0.088931640625,
0.1054111328125,
-0.2617763671875,
-0.36199609375,
-0.035091796875,
0.1203037109375,
-0.0364345703125,
-0.2940029296875,
-0.3185390625,
-0.1069912109375,
0.0358310546875,
-0.0706142578125,
-0.223568359375,
-0.0833095703125,
-0.0061611328125,
-0.0203212890625,
-0.0704921875,
0.0905185546875,
0.12140234375,
-0.0728115234375,
-0.0825771484375,
0.164126953125,
0.202212890625,
0.0709873046875,
-0.1677822265625,
-0.1189541015625,
0.25030859375,
0.38702734375,
0.049869140625,
-0.0366787109375,
0.1244541015625,
0.1505771484375,
0.2294345703125,
0.210513671875,
0.128970703125,
0.1339755859375,
0.1378818359375,
0.0714755859375,
0.237369140625,
0.2936435546875,
0.159732421875,
0.0292392578125,
0.07062109375,
0.139712890625,
0.10968359375,
0.0575595703125,
0.05353125,
-0.009212890625,
-0.03387109375,
-0.0945400390625,
-0.106625,
0.0681796875,
-0.013119140625,
-0.2052578125,
-0.157650390625,
0.023501953125,
0.03058203125,
-0.08709375,
-0.1240810546875,
-0.024837890625,
-0.0017666015625,
-0.08562890625,
-0.1152919921875,
-0.0862392578125,
-0.1106533203125,
-0.1484951171875,
-0.23797265625,
-0.04021875,
0.117740234375,
-0.2178310546875,
-0.418880859375,
-0.1968349609375,
0.0272861328125,
0.030826171875,
-0.208431640625,
-0.3674892578125,
-0.1963466796875,
0.0895419921875,
0.0111728515625,
-0.1980556640625,
-0.0899013671875,
-0.1150478515625,
-0.04656640625,
0.023013671875,
0.0990634765625,
0.038638671875,
-0.0625576171875,
-0.11834375,
0.1228671875,
0.2323642578125,
0.15362890625,
-0.0958828125,
-0.1201748046875,
0.1246982421875,
0.305240234375,
0.1127353515625,
0.0473056640625,
0.1010166015625,
0.0817294921875,
0.166080078125,
0.1749912109375,
0.1774326171875,
0.1725498046875,
0.1688876953125,
0.1293369140625,
0.2636142578125,
0.3297763671875,
0.1237216796875,
0.0119052734375,
0.2055087890625,
0.12628515625,
0.0194736328125,
0.0017734375,
0.090884765625,
0.0603671875,
0.0548740234375,
-0.08953515625,
-0.093197265625,
0.136294921875,
0.0646396484375,
-0.231380859375,
-0.102962890625,
0.07159765625,
0.022037109375,
-0.190853515625,
-0.2893642578125,
-0.110287109375,
0.0795322265625,
-0.0255703125,
-0.3176845703125,
-0.2307705078125,
-0.1062587890625,
-0.033626953125,
-0.1624111328125,
-0.1003994140625,
-0.031185546875,
-0.1170009765625,
-0.30584375,
-0.1675380859375,
-0.050228515625,
-0.012630859375,
-0.1834072265625,
-0.26678125,
-0.1509365234375,
0.073306640625,
-0.002376953125,
-0.131771484375,
0.00067480468750003,
-0.0308193359375,
-0.06121484375,
0.0050693359375,
0.1388583984375,
0.094546875,
0.0062900390625,
-0.0960048828125,
0.0418125,
0.17608984375,
0.1561923828125,
-0.087826171875,
0.0145908203125,
0.21515234375,
0.219791015625,
0.0148349609375,
0.0681796875,
0.111392578125,
0.1511875,
0.121158203125,
0.0416904296875,
0.1603427734375,
0.1793857421875,
0.07159765625,
0.0648837890625,
0.20978125,
0.3142734375,
0.0954013671875,
-0.02019921875,
0.0553623046875,
0.148013671875,
0.201724609375,
0.0775791015625,
-0.0657314453125,
-0.04461328125,
-0.010677734375,
-0.0991787109375,
-0.1050380859375,
0.039126953125,
0.0260654296875,
-0.224544921875,
-0.1277431640625,
0.03839453125,
0.0614658203125,
-0.0919765625,
-0.1704677734375,
-0.15740625,
-0.018978515625,
-0.067806640625,
-0.2105068359375,
-0.1409267578125,
-0.1013759765625,
-0.1545986328125,
-0.1936611328125,
-0.11687890625,
0.032291015625,
-0.0422939453125,
-0.2463955078125,
-0.2056240234375,
-0.035091796875,
0.098453125,
-0.0779384765625,
-0.29021875,
-0.1480068359375,
0.125552734375,
-0.0142177734375,
-0.13445703125,
-0.0286220703125,
0.0099521484375,
0.06964453125,
0.0956455078125,
0.0582919921875,
0.110171875,
0.04523046875,
-0.0772060546875,
0.043765625,
0.284732421875,
0.188052734375,
-0.0523037109375,
-0.0767177734375,
0.0770908203125,
0.285953125,
0.17901953125,
0.059634765625,
0.101138671875,
0.17218359375,
0.159732421875,
0.1000400390625,
0.16632421875,
0.1998935546875,
0.0934482421875,
0.017642578125,
0.1332431640625,
0.250552734375,
0.0399814453125,
0.03351171875,
0.0529208984375,
0.05108984375,
0.0695224609375,
-0.0252041015625,
-0.064388671875,
-0.027279296875,
-0.06023828125,
-0.13250390625,
-0.1340908203125,
-0.01141015625,
-0.074154296875,
-0.2302822265625,
-0.101986328125,
-0.0626796875,
-0.0027431640625,
-0.0942958984375,
-0.1858486328125,
-0.133724609375,
0.076724609375,
-0.02312890625,
-0.233578125,
-0.175228515625,
-0.10516015625,
-0.120296875,
-0.196224609375,
-0.134701171875,
-0.0051845703125,
-0.0872158203125,
-0.342708984375,
-0.2664150390625,
0.01983984375,
0.1378818359375,
-0.1299404296875,
-0.1914638671875,
-0.0847744140625,
0.130923828125,
0.099673828125,
0.0350986328125,
-0.027767578125,
0.0189853515625,
0.059390625,
0.0514560546875,
0.0426669921875,
0.12823828125,
0.1151767578125,
-0.0195888671875,
-0.012875,
0.2228427734375,
0.1884189453125,
0.0180087890625,
0.0447421875,
0.1339755859375,
0.2846103515625,
0.140689453125,
0.058658203125,
0.0614658203125,
0.221255859375,
0.2013583984375,
0.150455078125,
0.1681552734375,
0.1583896484375,
0.02228125,
0.14972265625,
0.2439609375,
0.2548251953125,
-0.00164453125,
0.0126376953125,
-0.0422939453125,
0.0570712890625,
0.110171875,
-0.08172265625,
-0.12176171875,
-0.1526455078125,
-0.1419033203125,
-0.1668056640625,
-0.086849609375,
-0.0083583984375,
-0.0891689453125,
-0.2761806640625,
-0.1543544921875,
0.0597568359375,
0.1970859375,
-0.0757412109375,
-0.22723046875,
-0.149837890625,
0.0341220703125,
-0.121029296875,
-0.2905849609375,
-0.240169921875,
-0.1206630859375,
-0.159115234375,
-0.310970703125,
-0.2463955078125,
-0.0820888671875,
-0.0626796875,
-0.178158203125,
-0.160580078125,
-0.0173916015625,
0.1256748046875,
-0.0236171875,
-0.145931640625,
-0.0403408203125,
0.22687109375,
0.1373935546875,
-0.061947265625,
-0.136654296875,
0.03937109375,
0.155826171875,
0.0897861328125,
0.003970703125,
0.17023046875,
0.0886875,
-0.025326171875,
0.08331640625,
0.2341953125,
0.121646484375,
0.0199619140625,
0.0701328125,
0.140201171875,
0.1931796875,
0.1365390625,
0.145083984375,
0.14874609375,
0.16534765625,
0.08722265625,
0.095767578125,
0.2287021484375,
0.21319921875,
0.005923828125,
0.02179296875,
0.1259189453125,
0.2797275390625,
0.18292578125,
-0.06609765625,
-0.1724208984375,
0.1046787109375,
0.122134765625,
-0.068783203125,
-0.139583984375,
-0.0750087890625,
-0.085873046875,
-0.052181640625,
-0.0724453125,
-0.0684169921875,
-0.0391201171875,
-0.146908203125,
-0.1543544921875,
-0.0122646484375,
0.0994296875,
-0.0142177734375,
-0.209896484375,
-0.2932705078125,
-0.092220703125,
-0.054134765625,
-0.218197265625,
-0.256283203125,
-0.2029384765625,
-0.1934169921875,
-0.1267666015625,
-0.2048916015625,
-0.1387294921875,
0.012271484375,
-0.1101650390625,
-0.176205078125,
0.010318359375,
-0.025814453125,
-0.120052734375,
-0.02996484375,
0.0131259765625,
0.110171875,
0.1325107421875,
-0.0376552734375,
-0.0669521484375,
0.0941806640625,
0.1046787109375,
0.0526767578125,
0.0778232421875,
0.217349609375,
0.0653720703125,
-0.0816005859375,
0.0573154296875,
0.2215,
0.19073828125,
0.0541416015625,
-0.0519375,
0.1083408203125,
0.295474609375,
0.202701171875,
0.06573828125,
0.1259189453125,
0.192203125,
0.109927734375,
0.129703125,
0.2018466796875,
0.26593359375,
-0.03191796875,
-0.05242578125,
0.10675390625,
0.232974609375,
0.1039462890625,
-0.1914638671875,
-0.30828515625,
0.078921875,
0.0978427734375,
-0.16473046875,
-0.21648828125,
-0.05535546875,
-0.048763671875,
0.0105625,
-0.0659755859375,
-0.221615234375,
-0.132259765625,
-0.0728115234375,
-0.1300625,
-0.0444912109375,
0.043765625,
-0.15105859375,
-0.2351650390625,
-0.1494716796875,
-0.022884765625,
-0.058529296875,
-0.1309169921875,
-0.2482265625,
-0.19646875,
-0.0813564453125,
-0.0696376953125,
-0.122005859375,
0.0199619140625,
-0.0591396484375,
-0.20086328125,
-0.05584375,
0.1569248046875,
0.0536533203125,
-0.0022548828125,
-0.0483974609375,
-0.0317958984375,
0.1908603515625,
0.185611328125,
-0.0664638671875,
-0.06805078125,
0.1229892578125,
0.0658603515625,
0.016421875,
0.0575595703125,
0.2589755859375,
0.148990234375,
0.054263671875,
0.0314365234375,
0.2121005859375,
0.26593359375,
0.1068759765625,
-0.028255859375,
0.1356845703125,
0.288638671875,
0.19659765625,
0.0277744140625,
0.0536533203125,
0.086490234375,
0.10968359375,
0.1189609375,
0.1013828125,
0.17511328125,
-0.007748046875,
-0.0642666015625,
-0.033138671875,
0.1229892578125,
0.1137119140625,
-0.16863671875,
-0.3347744140625,
-0.0181240234375,
0.0846591796875,
-0.0040859375,
-0.1770595703125,
-0.19305078125,
-0.213314453125,
-0.0476650390625,
-0.04949609375,
-0.078060546875,
-0.0698818359375,
-0.2595791015625,
-0.291927734375,
0.0333896484375,
0.1068759765625,
-0.044857421875,
-0.26433984375,
-0.2715419921875,
-0.092220703125,
0.04327734375,
-0.0991787109375,
-0.242123046875,
-0.145931640625,
-0.0713466796875,
-0.0183681640625,
-0.08172265625,
-0.1154140625,
-0.080990234375,
-0.0601162109375,
-0.0542568359375,
0.143375,
0.113345703125,
-0.0398525390625,
-0.0671962890625,
0.0619541015625,
0.20245703125,
0.1798740234375,
-0.1045498046875,
-0.0997890625,
0.11554296875,
0.1404453125,
0.018130859375,
0.049380859375,
0.245181640625,
0.100650390625,
0.040591796875,
0.0407138671875,
0.2001376953125,
0.3934970703125,
0.2782626953125,
0.049380859375,
0.088443359375,
0.237369140625,
0.2326083984375,
0.129947265625,
0.142154296875,
0.0143466796875,
0.0143466796875,
0.074283203125,
0.09894140625,
0.1994052734375,
0.0292392578125,
-0.136166015625,
-0.066341796875,
0.120669921875,
0.0665927734375,
-0.179623046875,
-0.2400478515625,
-0.104916015625,
0.001529296875,
-0.0737880859375,
-0.2329677734375,
-0.1282314453125,
-0.1427578125,
-0.048275390625,
-0.0420498046875,
-0.1487392578125,
-0.0630458984375,
-0.10027734375,
-0.1956142578125,
-0.02215234375,
0.0780673828125,
-0.10223046875,
-0.291927734375,
-0.32586328125,
-0.2500576171875,
0.017642578125,
0.003482421875,
-0.2501796875,
-0.2075771484375,
-0.134212890625,
-0.0711025390625,
-0.0200771484375,
0.08819921875,
-0.0545009765625,
-0.1907314453125,
-0.1329921875,
0.152408203125,
0.2155185546875,
0.090396484375,
-0.1419033203125,
-0.0571865234375,
0.1859775390625,
0.190982421875,
-0.02410546875,
-0.0247158203125,
0.1608310546875,
0.0983310546875,
0.0614658203125,
0.055728515625,
0.2186923828125,
0.2455478515625,
0.1669345703125,
0.047916015625,
0.184390625,
0.3475986328125,
0.218814453125,
-0.0078701171875,
0.145328125,
0.3466220703125,
0.29327734375,
0.0538974609375,
6.445312500003E-5,
-0.00054589843749997,
0.10577734375,
0.116275390625,
0.0841708984375,
0.1120029296875,
-0.0610927734375,
-0.216732421875,
-0.08367578125,
0.10040625,
0.0023837890625,
-0.234310546875,
-0.203060546875,
-0.080990234375,
0.0165439453125,
-0.0431484375,
-0.15008203125,
-0.118587890625,
-0.164974609375,
-0.0957607421875,
-0.129330078125,
-0.0176357421875,
0.052310546875,
-0.161556640625,
-0.2957119140625,
-0.0825771484375,
0.0492587890625,
0.01300390625,
-0.2384609375,
-0.3638271484375,
-0.186703125,
0.0902744140625,
-0.0754970703125,
-0.2708095703125,
-0.14031640625,
-0.0626796875,
-0.0535244140625,
-0.0479091796875,
0.00665625,
-0.034115234375,
-0.014828125,
0.00043066406250003,
0.051822265625,
0.1742587890625,
0.1659580078125,
-0.0444912109375,
-0.0049404296875,
0.057193359375,
0.136294921875,
0.053287109375,
0.0255771484375,
0.08917578125,
0.0919833984375,
0.0199619140625,
0.0233798828125,
0.2350498046875,
0.2897373046875,
0.088443359375,
-0.0354580078125,
0.1376376953125,
0.411685546875,
0.2543369140625,
-0.006283203125,
0.0408359375,
0.200015625,
0.1879306640625,
0.101626953125,
0.083072265625,
-0.0361904296875,
0.0358310546875,
0.071353515625,
0.0600009765625,
0.0990634765625,
-0.0040859375,
-0.2827724609375,
-0.1577724609375,
0.0966220703125,
0.09796484375,
-0.1228603515625,
-0.2871669921875,
-0.3049892578125,
0.0336337890625,
0.0558505859375,
-0.1196865234375,
-0.108822265625,
-0.05975,
-0.1585048828125,
-0.1602138671875,
0.056705078125,
0.096255859375,
-0.182796875,
-0.3374599609375,
-0.2185634765625,
0.0048251953125,
0.0115390625,
-0.2883876953125,
-0.393001953125,
-0.147884765625,
0.14776953125,
-0.035091796875,
-0.2169765625,
-0.113216796875,
0.0595126953125,
0.1010166015625,
0.0289951171875,
-0.0564541015625,
0.06866796875,
0.169498046875,
0.0758701171875,
0.030826171875,
0.1736484375,
0.1137119140625,
0.020083984375,
0.058658203125,
0.1034580078125,
0.1444736328125,
0.0907626953125,
0.072330078125,
0.0658603515625,
0.0824619140625,
0.075748046875,
0.0580478515625,
0.172916015625,
0.26983984375,
0.0612216796875,
0.010318359375,
0.1215244140625,
0.3036533203125,
0.233462890625,
0.1193271484375,
0.10968359375,
0.1093173828125,
0.09112890625,
0.0543857421875,
0.0330234375,
6.445312500003E-5,
-0.0285,
-0.1853603515625,
-0.11980859375,
0.0858798828125,
0.067935546875,
-0.3093837890625,
-0.3115810546875,
-0.081478515625,
0.1110263671875,
-0.079525390625,
-0.2522548828125,
-0.281673828125,
0.053775390625,
0.0944248046875,
-0.14812890625,
-0.2112392578125,
-0.144955078125,
-0.120052734375,
-0.0596279296875,
-0.0147060546875,
-0.1592373046875,
-0.2004970703125,
-0.2058681640625,
-0.1780361328125,
-0.0518154296875,
0.019595703125,
-0.1775478515625,
-0.330501953125,
-0.21062890625,
0.1415439453125,
0.0307041015625,
-0.096615234375,
-0.0833095703125,
-0.0100673828125,
0.0675693359375,
0.0946689453125,
0.0115390625,
0.07355078125,
0.0560947265625,
-0.0261806640625,
0.0922275390625,
0.248599609375,
0.09405859375,
-0.029720703125,
0.10773046875,
0.1261630859375,
0.1557041015625,
0.08917578125,
0.072818359375,
0.105533203125,
0.220767578125,
0.1117587890625,
-0.0300869140625,
0.1554599609375,
0.3222080078125,
0.040103515625,
0.0241123046875,
0.125796875,
0.321109375,
0.2343173828125,
0.0250888671875,
-0.04363671875,
0.1222568359375,
0.1974521484375,
0.0265537109375,
-0.0464443359375,
-0.0703701171875,
-0.0542568359375,
-0.089779296875,
-0.061458984375,
0.025455078125,
0.0202060546875,
-0.2307705078125,
-0.1231044921875,
0.0128818359375,
0.0681796875,
-0.072689453125,
-0.21941796875,
-0.2454189453125,
0.0685458984375,
0.043033203125,
-0.1636318359375,
-0.1497158203125,
-0.0939296875,
-0.1924404296875,
-0.0237392578125,
-0.008236328125,
-0.1270107421875,
-0.20086328125,
-0.260189453125,
-0.2072109375,
-0.0139736328125,
-0.0649990234375,
-0.2571376953125,
-0.269466796875,
-0.0554775390625,
0.0990634765625,
-0.05144921875,
-0.1079677734375,
-0.03289453125,
-5.761718749997E-5,
0.016177734375,
-0.0012783203125,
0.0385166015625,
0.17608984375,
0.0656162109375,
-0.0515712890625,
-0.0369228515625,
0.2233310546875,
0.209537109375,
0.0724521484375,
0.02081640625,
0.1254306640625,
0.208072265625,
0.1415439453125,
0.020572265625,
0.1267734375,
0.2572666015625,
0.1227451171875,
-0.07000390625,
0.09698828125,
0.350650390625,
0.156314453125,
0.044986328125,
0.0985751953125,
0.25909765625,
0.252017578125,
0.12530859375,
-0.0708583984375,
0.0506015625,
0.1781650390625,
0.0062900390625,
-0.0989345703125,
-0.02801171875,
-0.1116298828125,
-0.061703125,
-0.0369228515625,
-0.032650390625,
0.0138583984375,
-0.2097744140625,
-0.2422451171875,
-0.00030175781249997,
0.1427646484375,
-0.0664638671875,
-0.2983974609375,
-0.242123046875,
0.0331455078125,
0.04327734375,
-0.1160244140625,
-0.1465419921875,
-0.1362880859375,
-0.238216796875,
-0.1023525390625,
-0.0923427734375,
-0.0298427734375,
-0.097103515625,
-0.2390712890625,
-0.2293056640625,
0.0309482421875,
0.0365634765625,
-0.177669921875,
-0.2329677734375,
-0.0151943359375,
0.1298251953125,
-0.001400390625,
-0.1404384765625,
-0.1018642578125,
0.133609375,
0.1579013671875,
-0.0066494140625,
-0.042416015625,
0.153873046875,
0.144107421875,
-0.0191005859375,
0.02179296875,
0.281314453125,
0.16144140625,
0.0372958984375,
-0.019955078125,
0.0382724609375,
0.2128330078125,
0.2348056640625,
0.00030859375000003,
-0.00066796874999997,
0.1642490234375,
0.131900390625,
0.105044921875,
0.1539951171875,
0.1730380859375,
0.0883212890625,
0.07941015625,
-0.013607421875,
0.159244140625,
0.2482333984375,
0.108462890625,
-0.1321376953125,
-0.001888671875,
0.1022373046875,
-0.00359765625,
-0.052181640625,
0.008365234375,
-0.0796474609375,
-0.089779296875,
-0.1406826171875,
-0.0081142578125,
0.041080078125,
-0.1826748046875,
-0.2161220703125,
-0.0353359375,
0.0646396484375,
-0.153744140625,
-0.285580078125,
-0.1494716796875,
0.1283603515625,
0.1156650390625,
-0.1076015625,
-0.31316796875,
-0.185482421875,
-0.0586513671875,
0.0172763671875,
-0.1480068359375,
-0.0889248046875,
-0.0568203125,
-0.19988671875,
-0.3254970703125,
-0.00750390625,
0.08722265625,
-0.060482421875,
-0.2002529296875,
-0.145443359375,
0.052798828125,
0.23370703125,
0.0839267578125,
-0.1104091796875,
-0.01531640625,
0.050357421875,
0.0990634765625,
0.076724609375,
0.0878330078125,
-0.0051845703125,
0.0282626953125,
0.1049228515625,
0.230533203125,
0.17071875,
0.1994052734375,
0.1199375,
0.126529296875,
0.1847568359375,
0.0934482421875,
0.0321689453125,
0.196353515625,
0.1920810546875,
0.1102939453125,
0.0365634765625,
0.054751953125,
0.1605869140625,
0.0875888671875,
-0.0294765625,
0.1355625,
0.2511630859375,
0.1195712890625,
-0.041927734375,
-0.1388515625,
0.01300390625,
0.0812412109375,
-0.102474609375,
-0.2564052734375,
-0.1338466796875,
-0.1277431640625,
-0.0816005859375,
-0.07928125,
-0.0481533203125,
-0.0715908203125,
-0.1201748046875,
-0.2415126953125,
-0.0396083984375,
0.181216796875,
-0.0337490234375,
-0.3257412109375,
-0.2564052734375,
-0.0769619140625,
0.0438876953125,
-0.0466884765625,
-0.3123134765625,
-0.2863125,
-0.1055263671875,
-0.0066494140625,
-0.1682705078125,
-0.0542568359375,
-0.1072353515625,
-0.1475185546875,
-0.076107421875,
0.049625,
-0.0020107421875,
-0.065365234375,
-0.190853515625,
-0.027767578125,
0.1173740234375,
0.13995703125,
-0.0195888671875,
0.06183203125,
0.0929599609375,
0.0448642578125,
0.003482421875,
0.0429111328125,
0.150943359375,
0.1463046875,
0.012759765625,
-0.0073818359375,
0.1207919921875,
0.205875,
0.1463046875,
0.039615234375,
0.1037021484375,
0.239322265625,
0.291080078125,
0.109927734375,
0.1356845703125,
0.20733984375,
0.1205478515625,
0.0517001953125,
0.1557041015625,
0.212955078125,
0.1520419921875,
0.0056796875,
-0.0149501953125,
0.157046875,
0.234927734375,
-0.076107421875,
-0.1904873046875,
0.038150390625,
0.0958896484375,
-0.0685390625,
-0.1956142578125,
-0.1939052734375,
-0.217220703125,
-0.073421875,
-0.061458984375,
-0.058041015625,
-5.761718749997E-5,
-0.1480068359375,
-0.354427734375,
-0.1238369140625,
0.1756015625,
0.086978515625,
-0.1589931640625,
-0.2505458984375,
-0.1648525390625,
0.0087314453125,
-0.085140625,
-0.2793544921875,
-0.1682705078125,
-0.118587890625,
-0.154720703125,
-0.21160546875,
-0.0020107421875,
-0.0269130859375,
-0.1274990234375,
-0.17547265625,
-0.069271484375,
0.055240234375,
0.089419921875,
-0.0857509765625,
-0.0723232421875,
0.0886875,
0.17608984375,
-0.013607421875,
-0.087826171875,
0.052798828125,
0.0922275390625,
0.05694921875,
0.033755859375,
0.0873447265625,
0.0243564453125,
0.0470615234375,
0.0670810546875,
0.17853125,
0.3239169921875,
0.1482578125,
-0.041927734375,
0.118716796875,
0.2763095703125,
0.2431064453125,
0.1354404296875,
0.160953125,
0.0568271484375,
0.1306796875,
0.1867099609375,
0.0506015625,
0.180240234375,
0.2501865234375,
0.0150791015625,
0.0037265625,
0.1696201171875,
0.1710849609375,
-0.0776943359375,
-0.130794921875,
-0.1074794921875,
-0.052669921875,
-0.035091796875,
-0.2092861328125,
-0.1687587890625,
-0.02215234375,
-0.0037197265625,
-0.1397060546875,
-0.078060546875,
0.0031162109375,
-0.0825771484375,
-0.212337890625,
-0.07146875,
0.08429296875,
0.01495703125,
-0.262630859375,
-0.3478359375,
-0.1980556640625,
-0.0197109375,
-0.0874599609375,
-0.2586025390625,
-0.213314453125,
-0.08660546875,
-0.10711328125,
-0.1462978515625,
-0.030697265625,
0.0036044921875,
-0.08367578125,
-0.110287109375,
-0.0068935546875,
0.1356845703125,
0.1287265625,
-0.035580078125,
-0.07781640625,
0.1098056640625,
0.2470126953125,
0.0497470703125,
0.0551181640625,
-0.0010341796875,
0.001529296875,
0.064517578125,
0.10821875,
0.118716796875,
0.1410556640625,
0.0609775390625,
0.023013671875,
0.1366611328125,
0.286685546875,
0.106509765625,
-0.0049404296875,
0.09796484375,
0.295474609375,
0.332095703125,
0.1867099609375,
0.04913671875,
-0.0554775390625,
0.090640625,
0.175845703125,
0.1571689453125,
0.199771484375,
0.0463291015625,
-0.2238125,
-0.0303310546875,
0.146060546875,
0.1185947265625,
-0.19695703125,
-0.18621484375,
-0.108333984375,
0.0314365234375,
-0.1055263671875,
-0.2764248046875,
-0.18035546875,
-0.042416015625,
-0.0269130859375,
-0.100033203125,
-0.18230859375,
-0.0313076171875,
-0.0186123046875,
-0.1880458984375,
-0.1087001953125,
-0.0451015625,
0.019107421875,
-0.1173671875,
-0.2905849609375,
-0.252376953125,
-0.004330078125,
-0.1565517578125,
-0.3068203125,
-0.146908203125,
-0.0050625,
-0.0813564453125,
-0.038509765625,
0.004703125,
-0.012630859375,
-0.068783203125,
-0.0493740234375,
0.018619140625,
0.2267490234375,
0.195376953125,
-0.045833984375,
-0.1079677734375,
0.0587802734375,
0.1886630859375,
0.13507421875,
0.16827734375,
0.091373046875,
0.04230078125,
0.05792578125,
0.1078525390625,
0.1840244140625,
0.2726474609375,
0.066470703125,
-0.089779296875,
0.0983310546875,
0.32843359375,
0.1454501953125,
0.005923828125,
0.06085546875,
0.2125888671875,
0.2269931640625,
0.07941015625,
0.055728515625,
0.02667578125,
0.11456640625,
0.04034765625,
-0.03875390625,
0.0326572265625,
0.06915625,
-0.129330078125,
-0.162044921875,
-0.0191005859375,
0.0343662109375,
-0.0899013671875,
-0.09344140625,
-0.2461513671875,
-0.029232421875,
0.0927158203125,
-0.140072265625,
-0.160580078125,
-0.1184658203125,
-0.1365322265625,
-0.1714443359375,
-0.049251953125,
0.059146484375,
-0.108822265625,
-0.3450283203125,
-0.221126953125,
0.05011328125,
0.09698828125,
-0.2441982421875,
-0.375423828125,
-0.2412685546875,
0.0319248046875,
-0.0022548828125,
-0.1182216796875,
-0.1716884765625,
-0.175228515625,
-0.0713466796875,
0.039126953125,
0.0409580078125,
0.07257421875,
0.002017578125,
-0.089046875,
0.002994140625,
0.26202734375,
0.20343359375,
-0.0518154296875,
-0.10613671875,
0.0759921875,
0.246158203125,
0.127994140625,
-0.00896875,
-0.0098232421875,
0.044986328125,
0.1150546875,
0.14093359375,
0.16827734375,
0.1991611328125,
0.0871005859375,
0.059146484375,
0.2457919921875,
0.3371005859375,
0.1286044921875,
0.068423828125,
0.0883212890625,
0.1756015625,
0.1998935546875,
0.0997958984375,
-0.00457421875,
0.052798828125,
0.138736328125,
0.0470615234375,
-0.009212890625,
0.0536533203125,
0.0380283203125,
-0.1441005859375,
-0.164974609375,
0.0314365234375,
0.0934482421875,
-0.0530361328125,
-0.163265625,
-0.2044033203125,
-0.003353515625,
-0.0254482421875,
-0.17058984375,
-0.13348046875,
-0.0427822265625,
-0.1404384765625,
-0.186703125,
-0.122982421875,
0.037173828125,
-0.0763515625,
-0.254818359375,
-0.3145107421875,
-0.039974609375,
0.0822177734375,
-0.1292080078125,
-0.3171962890625,
-0.242123046875,
0.0197177734375,
0.011783203125,
-0.137142578125,
-0.1357998046875,
-0.0935634765625,
-0.104671875,
-0.0669521484375,
-0.01726953125,
0.202701171875,
0.066958984375,
-0.1460537109375,
-0.1223720703125,
0.2406650390625,
0.194400390625,
0.03351171875,
-0.0794033203125,
0.035220703125,
0.1994052734375,
0.2400546875,
0.02276953125,
-0.0217861328125,
0.0302158203125,
0.140201171875,
0.1945224609375,
0.2215,
0.2235751953125,
0.0587802734375,
0.0779453125,
0.2208896484375,
0.2367587890625,
0.192935546875,
0.06476171875,
-0.018978515625,
0.169498046875,
0.1950107421875,
0.0486484375,
-0.026546875,
0.0834384765625,
0.0141025390625,
-0.0120205078125,
-0.0444912109375,
0.0524326171875,
0.1049228515625,
-0.1201748046875,
-0.2278408203125,
0.0287509765625,
0.1159091796875,
-0.018734375,
-0.2566494140625,
-0.2769130859375,
-0.0110439453125,
0.0316806640625,
-0.16277734375,
-0.251400390625,
-0.0598720703125,
-0.020443359375,
-0.01922265625,
-0.09930078125,
-0.105892578125,
-0.0469326171875,
-0.082943359375,
-0.2247890625,
-0.0505947265625,
0.00909765625,
-0.13445703125,
-0.288021484375,
-0.213314453125,
-0.003353515625,
0.0126376953125,
-0.078548828125,
-0.1525234375,
-0.011654296875,
0.035220703125,
0.01446875,
0.01300390625,
0.1745029296875,
0.00909765625,
-0.1587490234375,
-0.081966796875,
0.1942783203125,
0.211978515625,
0.116763671875,
-0.0271572265625,
0.0261875,
0.194400390625,
0.1972080078125,
0.03790625,
0.0639072265625,
0.130435546875,
0.1222568359375,
0.03741796875,
0.1232333984375,
0.266666015625,
0.063052734375,
0.036197265625,
0.1261630859375,
0.256900390625,
0.240298828125,
0.0726962890625,
-0.0298427734375,
0.110904296875,
0.2106357421875,
0.11554296875,
-0.042171875,
-0.0255703125,
-0.119564453125,
-0.07146875,
-0.0032314453125,
-0.05047265625,
-0.0623134765625,
-0.1235927734375,
-0.165951171875,
0.0438876953125,
0.1574130859375,
-0.0689052734375,
-0.3464931640625,
-0.236751953125,
0.0639072265625,
0.0475498046875,
-0.13055078125,
-0.2046474609375,
-0.100765625,
-0.14715234375,
-0.1343349609375,
-0.2459072265625,
-0.1172451171875,
0.0252109375,
-0.15301171875,
-0.2954677734375,
-0.0535244140625,
0.060123046875,
-0.0386318359375,
-0.16668359375,
-0.148373046875,
-0.0255703125,
0.073794921875,
-0.008724609375,
-0.12957421875,
-0.039486328125,
0.0219150390625,
0.016421875,
-0.002865234375,
0.1701083984375,
0.07062109375,
-0.0169033203125,
-0.015072265625,
0.1124912109375,
0.1701083984375,
0.116763671875,
-0.0017666015625,
0.0646396484375,
0.15265234375,
0.162662109375,
0.0431552734375,
0.05401953125,
0.11749609375,
0.22589453125,
0.2107578125,
0.3279453125,
0.2311435546875,
0.0036044921875,
0.0603671875,
0.1898837890625,
0.2418857421875,
0.1954990234375,
-0.0811123046875,
-0.089779296875,
0.1544833984375,
0.188296875,
-0.06365625,
-0.1438564453125,
-0.0138515625,
-0.145931640625,
-0.0881923828125,
-0.026302734375,
-0.00750390625,
-0.025326171875,
-0.153744140625,
-0.3142666015625,
-0.04168359375,
0.112125,
-0.0510830078125,
-0.3132900390625,
-0.2222255859375,
0.00030859375000003,
0.0993076171875,
-0.1582607421875,
-0.24725,
-0.098568359375,
-0.012142578125,
-0.0501064453125,
-0.3159755859375,
-0.2286953125,
-0.0300869140625,
-0.0696376953125,
-0.249203125,
-0.119564453125,
-0.005306640625,
-0.0877041015625,
-0.1846279296875,
-0.0850185546875,
-0.0335048828125,
0.0759921875,
-0.0049404296875,
-0.0501064453125,
0.0604892578125,
0.1131015625,
-0.026791015625,
-0.02410546875,
0.17023046875,
0.0785556640625,
-0.033626953125,
0.0123935546875,
0.140201171875,
0.314517578125,
0.2020908203125,
-0.0403408203125,
0.0111728515625,
0.181705078125,
0.2228427734375,
0.084048828125,
0.1508212890625,
0.0863681640625,
0.0553623046875,
0.110904296875,
0.205142578125,
0.233462890625,
0.110904296875,
-0.0239833984375,
0.0958896484375,
0.2537265625,
0.2562900390625,
0.0241123046875,
-0.04803125,
0.0763583984375,
0.22882421875,
0.032291015625,
-0.109798828125,
-0.08172265625,
-0.173763671875,
-0.0359462890625,
-0.0021328125,
-0.047298828125,
-0.0206875,
-0.0525478515625,
-0.17303125,
-0.05047265625,
0.05694921875,
-0.069759765625,
-0.297787109375,
-0.1843837890625,
0.0526767578125,
0.066470703125,
-0.202572265625,
-0.30242578125,
-0.1925625,
-0.0059169921875,
-0.09441796875,
-0.313900390625,
-0.1253017578125,
0.037662109375,
-0.1177333984375,
-0.233822265625,
-0.156673828125,
-0.0529140625,
0.0040927734375,
-0.0696376953125,
-0.163509765625,
-0.0911220703125,
0.1355625,
0.0014072265625,
-0.1072353515625,
0.0416904296875,
0.0936923828125,
0.0197177734375,
-0.0215419921875,
0.045962890625,
0.0517001953125,
0.0304599609375,
0.0429111328125,
0.1005283203125,
0.204654296875,
0.0900302734375,
-0.049251953125,
0.1131015625,
0.2814365234375,
0.183658203125,
0.0206943359375,
0.1557041015625,
0.137515625,
0.16339453125,
0.1549716796875,
0.186099609375,
0.22980078125,
0.100650390625,
-0.078060546875,
0.0880771484375,
0.3610263671875,
0.3632236328125,
-0.0791591796875,
-0.2139248046875,
0.026919921875,
0.215884765625,
0.0526767578125,
-0.11297265625,
-0.159603515625,
-0.12957421875,
-0.0083583984375,
-0.039486328125,
-0.101498046875,
-0.0298427734375,
-0.056087890625,
-0.1974453125,
-0.099544921875,
-0.0217861328125,
-0.08855859375,
-0.1447109375,
-0.148373046875,
-0.129818359375,
0.067447265625,
-0.0840419921875,
-0.246029296875,
-0.1853603515625,
-0.0701259765625,
-0.0977138671875,
-0.1270107421875,
-0.1462978515625,
-0.134701171875,
-0.18328515625,
-0.1427578125,
-0.03582421875,
0.1151767578125,
-0.053158203125,
-0.131283203125,
-0.059017578125,
0.0663486328125,
0.1444736328125,
-0.0081142578125,
0.03644140625,
0.0492587890625,
0.0038486328125,
0.0082431640625,
0.05499609375,
0.11944921875,
0.1957431640625,
0.009341796875,
-0.00054589843749997,
0.169009765625,
0.3754306640625,
0.1793857421875,
-0.0862392578125,
-0.0513271484375,
0.269107421875,
0.2601962890625,
0.043765625,
0.0763583984375,
0.0573154296875,
0.0858798828125,
0.090640625,
0.1502109375,
0.21124609375,
0.1764560546875,
-0.1095546875,
0.043765625,
0.2799716796875,
0.2548251953125,
-0.0920986328125,
-0.14031640625,
-0.15398828125,
0.1264072265625,
0.1210361328125,
-0.1614345703125,
-0.299251953125,
-0.0901455078125,
-0.070248046875,
-0.0808681640625,
-0.073177734375,
-0.0715908203125,
-0.0708583984375,
-0.1753505859375,
-0.148861328125,
0.0307041015625,
-0.02801171875,
-0.1663173828125,
-0.1619228515625,
-0.0685390625,
0.0353427734375,
-0.1909755859375,
-0.2769130859375,
-0.2473720703125,
-0.1050380859375,
-0.1023525390625,
-0.1494716796875,
-0.111751953125,
-0.0349697265625,
-0.142025390625,
-0.188900390625,
-0.0626796875,
0.0726962890625,
0.0226474609375,
-0.0462001953125,
-0.1111416015625,
0.0519443359375,
0.1990390625,
-0.002376953125,
-0.0400966796875,
0.1345859375,
0.11944921875,
0.048892578125,
0.084048828125,
0.1581455078125,
0.238833984375,
0.090396484375,
-0.0442470703125,
0.1056552734375,
0.384341796875,
0.2247958984375,
-0.011654296875,
0.029849609375,
0.1947666015625,
0.26007421875,
0.2107578125,
0.2118564453125,
0.1222568359375,
0.1100498046875,
0.070865234375,
0.04913671875,
0.1769443359375,
0.126529296875,
-0.1834072265625,
-0.0962490234375,
0.1788974609375,
0.1976962890625,
-0.0364345703125,
-0.202572265625,
-0.222591796875,
0.0363193359375,
0.1010166015625,
-0.100033203125,
-0.2415126953125,
-0.202083984375,
-0.1329921875,
-0.121517578125,
-0.0945400390625,
-0.0137294921875,
-0.0776943359375,
-0.1968349609375,
-0.0564541015625,
0.0619541015625,
0.00030859375000003,
-0.1482509765625,
-0.321224609375,
-0.2212490234375,
0.0499912109375,
-0.0462001953125,
-0.2876552734375,
-0.293880859375,
-0.20086328125,
-0.101009765625,
0.00043066406250003,
-0.0630458984375,
-0.0916103515625,
-0.06609765625,
-0.073666015625,
-0.08074609375,
0.1278720703125,
0.063052734375,
-0.165951171875,
-0.1060146484375,
0.1317783203125,
0.1486240234375,
0.0136142578125,
-0.0278896484375,
0.0358310546875,
0.1326328125,
0.14386328125,
0.020572265625,
0.0756259765625,
0.2601962890625,
0.131412109375,
0.0358310546875,
0.1144443359375,
0.3339267578125,
0.246646484375,
0.112857421875,
0.1071201171875,
0.181216796875,
0.222232421875,
0.169009765625,
0.09308203125,
0.1212802734375,
0.0587802734375,
0.0326572265625,
0.140689453125,
0.31964453125,
0.1580234375,
-0.1819423828125,
-0.1377529296875,
0.222720703125,
0.29913671875,
-0.0220302734375,
-0.2800869140625,
-0.2368740234375,
0.0597568359375,
0.10187109375,
-0.2427333984375,
-0.3254970703125,
-0.0718349609375,
-0.0841640625,
-0.0711025390625,
-0.0803798828125,
-0.0523037109375,
-0.122982421875,
-0.152279296875,
-0.16277734375,
-0.0227626953125,
0.0394931640625,
-0.0798916015625,
-0.315609375,
-0.21990625,
-0.003353515625,
-0.026302734375,
-0.1973232421875,
-0.2800869140625,
-0.2130703125,
-0.1057705078125,
-0.0166591796875,
-0.105892578125,
-0.0105556640625,
-0.0020107421875,
-0.058529296875,
-0.045345703125,
0.1681552734375,
0.11456640625,
0.007388671875,
-0.0886806640625,
0.019595703125,
0.048404296875,
0.077212890625,
0.0756259765625,
0.1002841796875,
0.00067480468750003,
0.0238681640625,
0.0067783203125,
0.12237890625,
0.29523046875,
0.051578125,
-0.0369228515625,
0.1820712890625,
0.40558203125,
0.239322265625,
-0.0151943359375,
-0.0220302734375,
0.2658115234375,
0.363833984375,
0.1806064453125,
-0.020443359375,
0.0968662109375,
0.141666015625,
0.1686435546875,
0.1093173828125,
0.1227451171875,
0.002994140625,
-0.1759609375,
-0.1592373046875,
0.0460849609375,
0.1505771484375,
0.0023837890625,
-0.3142666015625,
-0.3389248046875,
0.068423828125,
0.21759375,
-0.1079677734375,
-0.219173828125,
-0.10027734375,
-0.107357421875,
-0.0275234375,
-0.076107421875,
-0.0979580078125,
-0.0708583984375,
-0.049740234375,
-0.198177734375,
-0.16863671875,
-0.0880703125,
-0.122494140625,
-0.1824306640625,
-0.11199609375,
-0.0960048828125,
-0.1300625,
-0.21746484375,
-0.172787109375,
-0.069515625,
-0.0425380859375,
-0.05828515625,
-0.1167568359375,
0.059146484375,
0.07355078125,
-0.02312890625,
0.057681640625,
0.144595703125,
0.0775791015625,
-0.038265625,
-0.0129970703125,
0.13312109375,
0.1364169921875,
0.073306640625,
0.0028720703125,
0.0233798828125,
0.1049228515625,
0.0834384765625,
-0.0142177734375,
0.1170078125,
0.364810546875,
0.1017490234375,
-0.12859765625,
0.06915625,
0.333072265625,
0.3810458984375,
0.1972080078125,
-0.070736328125,
0.0853916015625,
0.2943759765625,
0.172916015625,
0.0260654296875,
0.050845703125,
-0.0103115234375,
0.028873046875,
0.080142578125,
0.0402255859375,
-0.027767578125,
-0.0999111328125,
-0.167904296875,
-0.007015625,
0.072330078125,
-0.0386318359375,
-0.2605556640625,
-0.2990078125,
-0.0464443359375,
-0.0088466796875,
-0.230404296875,
-0.25359765625,
-0.130794921875,
-0.05828515625,
0.0412021484375,
0.023990234375,
-0.0652431640625,
-0.221615234375,
-0.1763271484375,
-0.1370205078125,
-0.018978515625,
0.0123935546875,
-0.2373623046875,
-0.413021484375,
-0.1958583984375,
-0.0134853515625,
-0.014583984375,
-0.1447109375,
-0.1235927734375,
-0.065365234375,
0.083560546875,
0.002017578125,
-0.0958828125,
0.1652255859375,
0.1967197265625,
0.0175205078125,
0.0231357421875,
0.14386328125,
0.161685546875,
0.014224609375,
-0.0718349609375,
0.089908203125,
0.2023349609375,
0.1432529296875,
-0.01531640625,
0.0807529296875,
0.1539951171875,
0.1640048828125,
0.0304599609375,
0.0863681640625,
0.2411533203125,
0.1317783203125,
0.0291171875,
0.1806064453125,
0.2306552734375,
0.2318759765625,
0.07745703125,
-0.045833984375,
0.0994296875,
0.327212890625,
0.233951171875,
0.0238681640625,
0.06280859375,
-0.0060390625,
-0.0129970703125,
0.041568359375,
0.0626865234375,
-0.0498623046875,
-0.1858486328125,
-0.328548828125,
-0.047298828125,
0.14874609375,
-0.0337490234375,
-0.3447841796875,
-0.1712001953125,
0.0895419921875,
0.081607421875,
-0.1314052734375,
-0.1528896484375,
-0.151791015625,
-0.0745205078125,
-0.1023525390625,
-0.15984765625,
-0.120052734375,
-0.12859765625,
-0.1987880859375,
-0.2808193359375,
-0.117123046875,
0.034,
-0.1248134765625,
-0.2527431640625,
-0.1846279296875,
-0.0110439453125,
0.0311923828125,
-0.20476953125,
-0.1946376953125,
-0.065609375,
0.055240234375,
0.0509677734375,
-0.0032314453125,
0.103580078125,
0.1400791015625,
0.0477939453125,
0.0502353515625,
0.063296875,
0.1444736328125,
0.097720703125,
0.020572265625,
0.0271640625,
0.1442294921875,
0.0954013671875,
-0.0161708984375,
0.1037021484375,
0.0907626953125,
0.09308203125,
0.099673828125,
0.172427734375,
0.3493076171875,
0.2138095703125,
-0.02459375,
0.1327548828125,
0.2858310546875,
0.328677734375,
0.0360751953125,
-0.1460537109375,
0.0260654296875,
0.3204990234375,
0.18976171875,
-0.0479091796875,
0.0232578125,
-0.01433984375,
-0.0164150390625,
0.016421875,
-0.0118984375,
-0.0073818359375,
-0.075619140625,
-0.2102626953125,
-0.0447353515625,
0.1491123046875,
0.0309482421875,
-0.2678798828125,
-0.218197265625,
-0.05584375,
0.090884765625,
-0.072201171875,
-0.2863125,
-0.194271484375,
-0.0107998046875,
-0.03973046875,
-0.116634765625,
-0.182552734375,
-0.1455654296875,
-0.224544921875,
-0.23504296875,
-0.071712890625,
0.006412109375,
-0.1702236328125,
-0.239193359375,
-0.159115234375,
-0.0227626953125,
0.0304599609375,
-0.0938076171875,
-0.0569423828125,
0.033267578125,
0.0349765625,
-0.02996484375,
-0.0059169921875,
0.108462890625,
0.1033359375,
-0.0159267578125,
-0.0440029296875,
0.0175205078125,
0.2263828125,
0.1828037109375,
0.00079687500000003,
-0.0212978515625,
0.198306640625,
0.175845703125,
0.04620703125,
0.148013671875,
0.0690341796875,
0.01105078125,
0.059390625,
0.14776953125,
0.2169833984375,
0.1725498046875,
-0.00079003906249997,
0.1024814453125,
0.32696875,
0.3705478515625,
0.0336337890625,
-0.0559658203125,
0.015689453125,
0.2555576171875,
0.201236328125,
-0.0451015625,
-0.1223720703125,
-0.1235927734375,
-0.029720703125,
-0.0151943359375,
-0.073666015625,
0.021548828125,
-0.053158203125,
-0.30975,
-0.1462978515625,
0.1417880859375,
0.105533203125,
-0.2214931640625,
-0.245296875,
-0.1416591796875,
0.1115146484375,
0.0289951171875,
-0.1404384765625,
-0.2222255859375,
-0.1087001953125,
-0.0767177734375,
-0.1047939453125,
-0.1271328125,
-0.140560546875,
-0.266537109375,
-0.17840234375,
-0.0877041015625,
-0.028744140625,
-0.1076015625,
-0.1318935546875,
-0.13933984375,
-0.0381435546875,
0.0336337890625,
-0.062435546875,
-0.0515712890625,
0.0101962890625,
0.048404296875,
-0.0607265625,
0.0314365234375,
0.1471591796875,
0.17804296875,
0.0095859375,
-0.029232421875,
0.1134677734375,
0.3082919921875,
0.080875,
-0.0730556640625,
0.0751376953125,
0.2365146484375,
0.1100498046875,
0.0167880859375,
0.087466796875,
0.1203037109375,
0.0963779296875,
0.075015625,
0.220767578125,
0.2553134765625,
0.2224765625,
0.0538974609375,
-0.01531640625,
0.192447265625,
0.3478427734375,
0.0333896484375,
-0.1174892578125,
-0.07146875,
0.187076171875,
0.121158203125,
-0.1087001953125,
-0.1589931640625,
-0.0303310546875,
0.0370517578125,
-0.074154296875,
-0.1150478515625,
-0.04021875,
-0.1311611328125,
-0.17937890625,
-0.1206630859375,
-0.0359462890625,
-0.0718349609375,
-0.174984375,
-0.1311611328125,
-0.114681640625,
-0.0315517578125,
-0.0989345703125,
-0.1544765625,
-0.157162109375,
-0.0674404296875,
-0.1316494140625,
-0.222591796875,
-0.1622890625,
-0.0422939453125,
-0.2087978515625,
-0.130794921875,
-0.057064453125,
0.031802734375,
-0.0413173828125,
-0.161556640625,
-0.1541103515625,
0.0741611328125,
0.1207919921875,
-0.061947265625,
-0.0939296875,
0.0768466796875,
-0.0046962890625,
0.006412109375,
0.105044921875,
0.152408203125,
0.1190830078125,
-0.01433984375,
-0.0294765625,
0.1234775390625,
0.344791015625,
0.28058203125,
0.0172763671875,
-0.0548671875,
0.208560546875,
0.2933994140625,
0.213931640625,
0.132388671875,
0.08722265625,
0.120669921875,
0.28009375,
0.1469150390625,
0.1203037109375,
0.25616796875,
0.0974765625,
0.00812109375,
0.2233310546875,
0.1366611328125,
-0.0432705078125,
-0.00848046875,
0.0497470703125,
0.0838046875,
-0.03387109375,
-0.1931728515625,
-0.2195400390625,
-0.092220703125,
-0.07098046875,
-0.1338466796875,
-0.1193203125,
-0.0584072265625,
-0.163509765625,
-0.194759765625,
-0.0623134765625,
0.141421875,
0.0766025390625,
-0.1681484375,
-0.3298916015625,
-0.1194423828125,
0.180240234375,
0.0109287109375,
-0.217708984375,
-0.214291015625,
-0.11297265625,
-0.2014736328125,
-0.1790126953125,
-0.1074794921875,
-0.052669921875,
-0.2293056640625,
-0.209896484375,
-0.1738857421875,
0.070376953125,
0.034732421875,
-0.1106533203125,
-0.2315029296875,
0.025943359375,
0.1410556640625,
-0.0151943359375,
-0.0115322265625,
0.0895419921875,
0.020083984375,
0.0475498046875,
0.02569921875,
0.0253330078125,
0.150455078125,
0.1007724609375,
-0.01629296875,
0.0310703125,
0.27667578125,
0.1378818359375,
0.0101962890625,
0.102359375,
0.2316318359375,
0.1980625,
0.205875,
0.09796484375,
0.10480078125,
0.16730078125,
0.25909765625,
0.163638671875,
0.2033115234375,
0.145328125,
-0.004330078125,
0.098208984375,
0.2287021484375,
0.099673828125,
0.01495703125,
-0.0833095703125,
-0.076107421875,
0.0905185546875,
0.002017578125,
-0.2078212890625,
-0.16570703125,
0.0252109375,
-0.02215234375,
-0.101498046875,
-0.1375087890625,
0.0307041015625,
-0.0176357421875,
-0.1853603515625,
-0.24334375,
0.024966796875,
0.1185947265625,
-0.06609765625,
-0.287533203125,
-0.17156640625,
0.0292392578125,
-0.0501064453125,
-0.1589931640625,
-0.2029384765625,
-0.1602138671875,
-0.19402734375,
-0.2002529296875,
-0.2227138671875,
-0.056576171875,
-0.075619140625,
-0.1076015625,
-0.157650390625,
0.055240234375,
0.106509765625,
0.01398046875,
-0.14324609375,
0.0763583984375,
0.092349609375,
0.0822177734375,
-0.010189453125,
-0.03387109375,
-0.0464443359375,
0.047671875,
0.0525546875,
0.1266513671875,
0.129458984375,
-0.057796875,
0.0114169921875,
0.1791416015625,
0.2299228515625,
0.1488681640625,
-0.0554775390625,
-0.025326171875,
0.2791171875,
0.354068359375,
0.1532626953125,
-0.0649990234375,
0.0321689453125,
0.137515625,
0.2914462890625,
0.2250400390625,
0.1268955078125,
0.089419921875,
0.0409580078125,
0.0486484375,
0.2233310546875,
0.124576171875,
-0.049740234375,
-0.145443359375,
-0.06365625,
0.04034765625,
-0.0083583984375,
-0.209896484375,
-0.2150234375,
-0.0100673828125,
-0.085873046875,
-0.187923828125,
-0.1594814453125,
-0.0103115234375,
-0.0293544921875,
-0.125912109375,
-0.140072265625,
-0.03094140625,
0.0465732421875,
-0.068294921875,
-0.2754482421875,
-0.1798671875,
-0.0037197265625,
-0.062923828125,
-0.2150234375,
-0.17351953125,
-0.1626552734375,
-0.16863671875,
-0.1443447265625,
-0.2031826171875,
-0.032650390625,
0.0209384765625,
-0.1624111328125,
-0.139095703125,
0.1267734375,
0.19366796875,
0.0369296875,
-0.0784267578125,
0.02667578125,
0.1674228515625,
0.15265234375,
0.06280859375,
0.0875888671875,
0.0089755859375,
0.0341220703125,
0.1310458984375,
0.17706640625,
0.1486240234375,
0.0077548828125,
-0.0779384765625,
0.1488681640625,
0.305728515625,
0.227115234375,
0.051822265625,
-0.0261806640625,
0.116763671875,
0.3331943359375,
0.186099609375,
-0.0217861328125,
0.01983984375,
0.090640625,
0.1703525390625,
0.1237216796875,
0.1502109375,
0.0658603515625,
-0.0877041015625,
-0.099544921875,
0.0934482421875,
0.1398349609375,
-0.005794921875,
-0.2891201171875,
-0.219662109375,
0.04620703125,
0.0653720703125,
-0.1939052734375,
-0.18914453125,
-0.0462001953125,
-0.102962890625,
-0.0830654296875,
-0.1470302734375,
-0.05242578125,
0.0173984375,
-0.05828515625,
-0.2366298828125,
-0.1338466796875,
0.0224033203125,
-0.0720791015625,
-0.295345703125,
-0.225033203125,
-0.101498046875,
-0.0711025390625,
-0.242123046875,
-0.229671875,
-0.183529296875,
-0.0818447265625,
-0.03875390625,
-0.0696376953125,
-0.017513671875,
-0.0474208984375,
-0.0884365234375,
-0.00091210937499997,
0.170474609375,
0.172671875,
-0.0039638671875,
-0.0435146484375,
0.0302158203125,
0.10773046875,
0.1708408203125,
0.093326171875,
0.0662265625,
-0.00066796874999997,
0.0123935546875,
0.0631748046875,
0.22540625,
0.2672763671875,
0.05206640625,
-0.0982021484375,
0.168033203125,
0.370669921875,
0.337466796875,
0.0709873046875,
-0.051693359375,
0.1806064453125,
0.44855078125,
0.141177734375,
-0.10516015625,
0.0885654296875,
0.1212802734375,
0.118228515625,
0.1015048828125,
0.10284765625,
0.022037109375,
0.0661044921875,
-0.03484765625,
-0.0908779296875,
0.0905185546875,
0.1037021484375,
-0.18719140625,
-0.211361328125,
-0.1257900390625,
0.003970703125,
-0.1294521484375,
-0.1414150390625,
-0.1582607421875,
-0.1316494140625,
-0.106625,
-0.1934169921875,
-0.05828515625,
0.042544921875,
-0.0783046875,
-0.1982998046875,
-0.1089443359375,
0.0851474609375,
-0.0523037109375,
-0.2800869140625,
-0.233333984375,
-0.1212734375,
-0.0735439453125,
-0.184994140625,
-0.161556640625,
-0.21160546875,
-0.1472744140625,
-0.07000390625,
-0.054623046875,
0.0741611328125,
0.0310703125,
-0.206478515625,
-0.087826171875,
0.184146484375,
0.3051181640625,
0.0409580078125,
-0.0901455078125,
-0.1035732421875,
0.1443515625,
0.281802734375,
0.1052890625,
0.0621982421875,
0.071109375,
0.034732421875,
0.04523046875,
0.2579990234375,
0.271060546875,
0.028140625,
-0.10906640625,
0.079654296875,
0.2995029296875,
0.31085546875,
0.01105078125,
-0.0675625,
0.1391025390625,
0.375552734375,
0.1869541015625,
-0.03240625,
0.0507236328125,
0.192447265625,
0.175357421875,
0.0858798828125,
-0.0327724609375,
-0.0191005859375,
0.0973544921875,
-0.021908203125,
-0.1289638671875,
0.0431552734375,
-0.0216640625,
-0.2412685546875,
-0.174251953125,
-0.0051845703125,
0.0575595703125,
-0.1052822265625,
-0.1411708984375,
-0.1443447265625,
-0.0999111328125,
-0.04021875,
-0.04803125,
-0.018734375,
-0.00066796874999997,
-0.131771484375,
-0.1709560546875,
-0.13641015625,
-0.0093349609375,
-0.1035732421875,
-0.2341884765625,
-0.2764248046875,
-0.216244140625,
-0.0900234375,
-0.1603359375,
-0.1397060546875,
-0.083431640625,
-0.118099609375,
-0.22527734375,
-0.1076015625,
0.2196689453125,
0.2475009765625,
-0.1094326171875,
-0.2075771484375,
0.0665927734375,
0.379947265625,
0.22687109375,
-0.0271572265625,
-0.1619228515625,
0.1466708984375,
0.2995029296875,
0.067447265625,
-0.0342373046875,
-0.016537109375,
0.06525,
0.154361328125,
0.1730380859375,
0.0609775390625,
0.012515625,
0.0355869140625,
0.14483984375,
0.2621494140625,
0.3412509765625,
0.0814853515625,
-0.0960048828125,
0.0873447265625,
0.35382421875,
0.2230869140625,
0.04718359375,
0.0017734375,
-0.0354580078125,
0.025455078125,
0.1193271484375,
0.0304599609375,
-0.0520595703125,
-0.0626796875,
-0.1665615234375,
-0.06365625,
0.1502109375,
0.0241123046875,
-0.2579921875,
-0.158138671875,
-0.045833984375,
-0.01531640625,
-0.137875,
-0.1890224609375,
-0.157162109375,
0.0180087890625,
-0.069271484375,
0.0609775390625,
0.012515625,
0.0355869140625,
0.14483984375,
0.2621494140625,
0.3412509765625,
0.0814853515625,
-0.0960048828125,
0.0873447265625,
0.35382421875,
0.2230869140625,
0.04718359375,
0.0017734375,
-0.0354580078125,
0.025455078125,
0.1193271484375,
0.0304599609375,
-0.0520595703125,
-0.0626796875,
-0.1665615234375,
-0.06365625,
0.1502109375,
0.0241123046875,
-0.2579921875,
-0.158138671875,
-0.045833984375,
-0.01531640625,
-0.137875,
-0.1890224609375,
-0.157162109375,
0.0180087890625,
-0.069271484375,
0.006412109375,
0.23956640625,
0.2824130859375,
0.1613193359375,
0.1112705078125,
0.016421875,
0.11749609375,
0.374087890625,
0.309390625,
0.02569921875,
-0.02459375,
0.1410556640625,
0.2257724609375,
0.09405859375,
-0.0061611328125,
-0.0073818359375,
0.0092197265625,
-0.04851953125,
-0.0879482421875,
-0.0529140625,
-0.02605859375,
-0.1128505859375,
-0.229671875,
-0.1692470703125,
0.085513671875,
-0.0193447265625,
-0.2229580078125,
-0.22332421875,
0.0092197265625,
0.0603671875,
-0.119076171875,
-0.261166015625,
-0.155453125,
0.0802646484375,
-0.0046962890625,
-0.233333984375,
-0.2444423828125,
0.0246005859375,
-0.110287109375,
-0.29266015625,
-0.3074306640625,
-0.1194423828125,
-0.0212978515625,
-0.1038173828125,
-0.337337890625,
-0.15105859375,
0.0546298828125,
0.0404697265625,
0.0150791015625,
0.011294921875,
-0.0686611328125,
-0.00017968749999997,
0.0927158203125,
0.2172275390625,
0.200748046875,
-0.0757412109375,
-0.127865234375,
0.066958984375,
0.292544921875,
0.1767001953125,
-0.060970703125,
-0.0991787109375,
0.1847568359375,
0.172427734375,
0.1002841796875,
0.09991796875,
0.1185947265625,
0.0451083984375,
0.152408203125,
0.1911044921875,
0.2107578125,
0.1378818359375,
0.0690341796875,
0.124576171875,
0.348697265625,
0.2927890625,
0.05499609375,
-0.0239833984375,
0.150455078125,
0.315494140625,
0.213931640625,
-0.0675625,
-0.11004296875,
0.0592685546875,
-0.0054287109375,
-0.09441796875,
-0.14226953125,
-0.0353359375,
-0.12859765625,
-0.2627529296875,
-0.1661953125,
0.1154208984375,
0.0292392578125,
-0.156673828125,
-0.2267421875,
-0.12615625,
0.039126953125,
-0.0177578125,
-0.2390712890625,
-0.17254296875,
-0.0422939453125,
-0.15398828125,
-0.24871484375,
-0.2383388671875,
-0.0200771484375,
0.00275,
-0.1191982421875,
-0.286068359375,
-0.1138271484375,
0.082828125,
-0.0236171875,
-0.2310146484375,
-0.08953515625,
-0.012875,
-0.0530361328125,
-0.036068359375,
-0.0300869140625,
-0.0618251953125,
-0.006771484375,
0.036685546875,
0.1173740234375,
0.219791015625,
-0.016537109375,
-0.08074609375,
0.072330078125,
0.247623046875,
0.1271396484375,
-0.0711025390625,
-0.117611328125,
0.206607421875,
0.276431640625,
0.153140625,
-0.00079003906249997,
0.1132236328125,
0.1642490234375,
0.2289462890625,
0.14483984375,
0.2265048828125,
0.2389560546875,
-0.00457421875,
-0.0427822265625,
0.2736240234375,
0.279849609375,
0.1046787109375,
-0.0173916015625,
-0.0447353515625,
0.174869140625,
0.2599521484375,
-0.0054287109375,
-0.180111328125,
-0.066830078125,
-0.0584072265625,
-0.047298828125,
-0.0840419921875,
-0.0874599609375,
-0.174251953125,
-0.114193359375,
-0.106869140625,
-0.0559658203125,
-0.0216640625,
0.0231357421875,
-0.079525390625,
-0.0515712890625,
-0.0259365234375,
-0.2083095703125,
-0.26922265625,
-0.062435546875,
-0.0562099609375,
-0.1460537109375,
-0.2405361328125,
-0.283626953125,
-0.055599609375,
-0.04070703125,
-0.1804775390625,
-0.1427578125,
0.0416904296875,
0.047671875,
-0.1514248046875,
-0.2085537109375,
-0.0452236328125,
0.104068359375,
0.0199619140625,
-0.0974697265625,
-0.045833984375,
-0.02215234375,
0.0448642578125,
0.101626953125,
0.0997958984375,
0.1287265625,
0.0314365234375,
-0.0515712890625,
0.11603125,
0.3351474609375,
0.162173828125,
-0.081234375,
-0.0818447265625,
0.0868564453125,
0.20196875,
0.1884189453125,
0.0270419921875,
0.0916171875,
0.14288671875,
0.1867099609375,
0.07941015625,
0.2223544921875,
0.2116123046875,
0.12237890625,
0.076236328125,
0.210513671875,
0.159,
0.0678134765625,
-0.075619140625,
-0.03582421875,
0.1168857421875,
0.091373046875,
-0.1653408203125,
-0.143978515625,
-0.056576171875,
-0.038509765625,
-0.105892578125,
-0.1248134765625,
-0.0681728515625,
-0.09637109375,
-0.104916015625,
-0.1326259765625,
-0.0298427734375,
0.012759765625,
-0.067318359375,
-0.186458984375,
-0.15203515625,
-0.0509609375,
-0.0654873046875,
-0.2100185546875,
-0.0671962890625,
-0.1055263671875,
-0.2087978515625,
-0.2286953125,
-0.1206630859375,
-0.034359375,
-0.043880859375,
-0.1934169921875,
-0.283626953125,
-0.0587734375,
0.1405673828125,
-0.1144375,
-0.206966796875,
0.0038486328125,
0.137515625,
0.0648837890625,
0.00030859375000003,
0.0226474609375,
-0.0027431640625,
0.1102939453125,
0.0878330078125,
0.12042578125,
0.270083984375,
0.0955234375,
-0.1323818359375,
0.082095703125,
0.2601962890625,
0.225650390625,
0.033267578125,
-0.049984375,
0.1359287109375,
0.340884765625,
0.2191806640625,
0.018619140625,
0.1622958984375,
0.16730078125,
0.084048828125,
0.06769140625,
0.2693515625,
0.2018466796875,
0.0167880859375,
-0.1062587890625,
0.1190830078125,
0.25616796875,
0.185611328125,
-0.0652431640625,
-0.0901455078125,
0.0121494140625,
0.145083984375,
-0.0816005859375,
-0.2722744140625,
-0.056576171875,
-0.0376552734375,
-0.163021484375,
-0.1670498046875,
-0.205013671875,
-0.19012109375,
-0.053646484375,
-0.197689453125,
-0.101009765625,
0.079654296875,
0.0158115234375,
-0.241146484375,
-0.1929287109375,
-0.0369228515625,
-0.06414453125,
-0.1769375,
-0.155453125,
-0.2649501953125,
-0.1924404296875,
-0.134701171875,
-0.1603359375,
-0.0901455078125,
-0.049251953125,
-0.2009853515625,
-0.1726650390625,
0.0521884765625,
0.08722265625,
-0.052669921875,
-0.03777734375,
0.0324130859375,
0.0934482421875,
0.06280859375,
-0.06902734375,
0.0197177734375,
0.13019140625,
0.1564365234375,
0.0075107421875,
0.11603125,
0.3084140625,
0.2089267578125,
0.0072666015625,
0.094546875,
0.3012119140625,
0.3102451171875,
0.024234375,
-0.0559658203125,
0.1349521484375,
0.3512607421875,
0.2341953125,
0.007876953125,
0.115787109375,
0.135318359375,
0.16241796875,
0.1072421875,
0.2116123046875,
0.181705078125,
0.05987890625,
-0.0483974609375,
0.0619541015625,
0.2299228515625,
0.1976962890625,
-0.208431640625,
-0.307064453125,
-0.08562890625,
0.1212802734375,
-0.081234375,
-0.15105859375,
-0.1427578125,
-0.1699794921875,
-0.125423828125,
-0.09051171875,
-0.1174892578125,
-0.068783203125,
-0.0684169921875,
-0.1121181640625,
-0.0781826171875,
0.0346103515625,
-0.0015224609375,
-0.158626953125,
-0.137142578125,
-0.0767177734375,
-0.075130859375,
-0.1720546875,
-0.2285732421875,
-0.256771484375,
-0.10223046875,
-0.07928125,
-0.09490625,
-0.082943359375,
-0.1721767578125,
-0.2837490234375,
-0.070248046875,
0.1361728515625,
0.20148046875,
-0.157650390625,
-0.2051357421875,
0.04620703125,
0.242740234375,
0.14191015625,
-0.0462001953125,
-0.0527919921875,
0.0105625,
0.10821875,
0.0427890625,
0.1041904296875,
0.2973056640625,
0.2381015625,
-0.044125,
-0.053646484375,
0.1120029296875,
0.347232421875,
0.2665439453125,
0.0857578125,
0.0199619140625,
0.245669921875,
0.17120703125,
0.10187109375,
0.2116123046875,
0.1178623046875,
-0.0050625,
0.0375400390625,
0.1015048828125,
0.09015234375,
0.0458408203125,
-0.018490234375,
0.038150390625,
0.1886630859375,
0.0506015625,
-0.2214931640625,
-0.1663173828125,
0.0248447265625,
0.1603427734375,
-0.0745205078125,
-0.217953125,
-0.1641201171875,
-0.1047939453125,
-0.07781640625,
-0.1436123046875,
-0.106869140625,
0.02862890625,
-0.1316494140625,
-0.1865810546875,
-0.0861171875,
0.1439853515625,
0.06525,
-0.1939052734375,
-0.269955078125,
-0.1514248046875,
-0.042171875,
-0.1115078125,
-0.16277734375,
-0.1733974609375,
-0.128841796875,
-0.1409267578125,
-0.14129296875,
-0.014583984375,
0.0844150390625,
-0.0750087890625,
-0.092953125,
-0.07098046875,
0.062076171875,
0.095767578125,
0.017642578125,
-0.073666015625,
0.0294833984375,
0.0683017578125,
-0.03777734375,
0.070376953125,
0.1337314453125,
0.09991796875,
0.11456640625,
0.1796298828125,
0.2509189453125,
0.144107421875,
-0.1296962890625,
0.002505859375,
0.301578125,
0.3849521484375,
0.0506015625,
-0.11883203125,
0.0714755859375,
0.3478427734375,
0.23663671875,
0.0211826171875,
-0.0393642578125,
0.019595703125,
0.1129794921875,
0.174380859375,
0.133609375,
0.0187412109375,
-0.044857421875,
-0.1360439453125,
-0.0615810546875,
0.189029296875,
0.082583984375,
-0.238216796875,
-0.236263671875,
-0.063412109375,
0.1134677734375,
-0.0601162109375,
-0.206966796875,
-0.211849609375,
-0.104427734375,
-0.047787109375,
-0.1438564453125,
-0.1663173828125,
-0.0772060546875,
-0.0842861328125,
-0.0979580078125,
-0.05047265625,
0.0453525390625,
-0.1145595703125,
-0.1819423828125,
-0.171322265625,
-0.0928310546875,
-0.00164453125,
-0.158138671875,
-0.223568359375,
-0.0906337890625,
-0.052181640625,
-0.0928310546875,
-0.1174892578125,
-0.0247158203125,
0.066470703125,
-0.0205654296875,
0.016177734375,
0.07941015625,
0.1254306640625,
0.0302158203125,
-0.0464443359375,
-0.0078701171875,
0.204166015625,
0.1051669921875,
-0.059994140625,
0.06915625,
0.128970703125,
0.0172763671875,
0.0341220703125,
0.1469150390625,
0.294009765625,
0.2133212890625,
-0.053646484375,
-0.0333828125,
0.3087802734375,
0.4823642578125,
0.2003818359375,
-0.101498046875,
-0.0363125,
0.3095126953125,
0.280337890625,
0.055240234375,
-0.0723232421875,
-0.0285,
0.03448828125,
0.1209140625,
0.0958896484375,
0.133853515625,
0.00665625,
-0.2072109375,
-0.1631435546875,
0.1696201171875,
0.039859375,
-0.15008203125,
-0.2070888671875,
-0.085140625,
0.0382724609375,
-0.0703701171875,
-0.23113671875,
-0.1857265625,
0.0014072265625,
0.0076328125,
-0.1466640625,
-0.1692470703125,
-0.06512109375,
-0.177181640625,
-0.1387294921875,
-0.1099208984375,
-0.06609765625,
-0.14617578125,
-0.213802734375,
-0.2676357421875,
-0.0523037109375,
0.03058203125,
-0.1379970703125,
-0.2063564453125,
-0.065609375,
-0.0519375,
-0.0562099609375,
-0.0835537109375,
-0.0049404296875,
0.0656162109375,
-0.0498623046875,
-0.0635341796875,
0.0792880859375,
0.2460361328125,
0.20441015625,
0.0115390625,
-0.073666015625,
0.1998935546875,
0.2360263671875,
0.051822265625,
0.0604892578125,
0.1491123046875,
0.032046875,
0.079654296875,
0.09991796875,
0.1710849609375,
0.2589755859375,
0.08233984375,
-0.0386318359375,
0.254458984375,
0.360904296875,
0.127505859375,
-0.0066494140625,
0.0582919921875,
0.269595703125,
0.233951171875,
0.0216708984375,
-0.0908779296875,
0.0993076171875,
0.1908603515625,
0.155337890625,
-0.0021328125,
0.029361328125,
-0.01678125,
-0.118099609375,
-0.1028408203125,
0.04718359375,
-0.049251953125,
-0.178890625,
-0.2666591796875,
-0.1958583984375,
-0.02898828125,
-0.0828212890625,
-0.22039453125,
-0.15496484375,
-0.0217861328125,
-0.1003994140625,
-0.1995205078125,
-0.09637109375,
0.0700107421875,
-0.0676845703125,
-0.20428125,
-0.1594814453125,
0.00323828125,
-0.01238671875,
-0.147640625,
-0.366634765625,
-0.1853603515625,
0.048892578125,
-0.08660546875,
-0.1636318359375,
-0.0745205078125,
-0.0781826171875,
-0.0794033203125,
-0.0099453125,
0.0153232421875,
0.071353515625,
0.026919921875,
-0.0374111328125,
0.02374609375,
0.2196689453125,
0.1557041015625,
-0.0781826171875,
-0.0999111328125,
0.1430087890625,
0.1718173828125,
0.11603125,
0.0497470703125,
-0.0205654296875,
-0.015560546875,
0.1496005859375,
0.1334873046875,
0.191470703125,
0.2428623046875,
0.0194736328125,
-0.0274013671875,
0.25323828125,
0.385806640625,
0.1737705078125,
0.0133701171875,
0.021548828125,
0.2423740234375,
0.253970703125,
0.0307041015625,
-0.083431640625,
0.074771484375,
0.06183203125,
-0.0024990234375,
-0.0509609375,
0.018619140625,
-0.049251953125,
-0.121029296875,
-0.158626953125,
-0.042904296875,
0.0138583984375,
-0.0076259765625,
-0.14226953125,
-0.138607421875,
0.0614658203125,
0.090396484375,
-0.1514248046875,
-0.1587490234375,
-0.0754970703125,
-0.171078125,
-0.179134765625,
-0.0689052734375,
-0.0505947265625,
-0.1785244140625,
-0.2334560546875,
-0.169857421875,
-0.03875390625,
-0.0357021484375,
-0.19646875,
-0.2251552734375,
-0.0496181640625,
-0.0027431640625,
-0.128353515625,
-0.14519921875,
-0.0086025390625,
-0.0286220703125,
-0.043392578125,
-0.0470546875,
-0.0098232421875,
0.111392578125,
0.1072421875,
-0.021419921875,
0.1620517578125,
0.2909580078125,
0.178775390625,
-0.0874599609375,
-0.0574306640625,
0.174869140625,
0.20050390625,
-0.0107998046875,
-0.0188564453125,
0.0604892578125,
0.0668369140625,
0.1571689453125,
0.1137119140625,
0.2136875,
0.260318359375,
0.089419921875,
-0.0255703125,
0.244205078125,
0.3292880859375,
0.121646484375,
-0.0754970703125,
0.0431552734375,
0.160220703125,
0.2138095703125,
-0.0191005859375,
-0.1563076171875,
0.021548828125,
0.091861328125,
-0.0144619140625,
-0.094662109375,
0.0753818359375,
0.0326572265625,
-0.101009765625,
-0.245296875,
-0.2052578125,
0.0302158203125,
0.036685546875,
-0.2761806640625,
-0.228939453125,
-0.0574306640625,
-0.0138515625,
-0.1914638671875,
-0.0796474609375,
-0.1069912109375,
-0.108333984375,
-0.0665859375,
-0.05633203125,
-0.1055263671875,
-0.2085537109375,
-0.2219814453125,
-0.0935634765625,
-0.0796474609375,
-0.109310546875,
-0.2620205078125,
-0.2388271484375,
-0.044369140625,
0.0517001953125,
-0.0056728515625,
-0.07146875,
0.01495703125,
-0.0020107421875,
0.032291015625,
0.0232578125,
0.103091796875,
0.1801181640625,
0.0321689453125,
-0.1939052734375,
0.06525,
0.364810546875,
0.2947421875,
-0.0422939453125,
-0.0596279296875,
0.1176181640625,
0.2829013671875,
0.23956640625,
0.0707431640625,
0.1412998046875,
0.246890625,
0.1638828125,
0.0546298828125,
0.180484375,
0.21417578125,
0.12237890625,
0.028873046875,
0.088443359375,
0.2208896484375,
0.241763671875,
0.0453525390625,
-0.0581630859375,
0.113833984375,
0.23956640625,
-0.073421875,
-0.2256435546875,
-0.014095703125,
0.024234375,
-0.0564541015625,
-0.174984375,
-0.1087001953125,
-0.1563076171875,
-0.10027734375,
-0.0958828125,
-0.062923828125,
0.0153232421875,
-0.0505947265625,
-0.217708984375,
-0.0996669921875,
0.0197177734375,
-0.01433984375,
-0.161068359375,
-0.1475185546875,
-0.247982421875,
-0.2239345703125,
-0.1775478515625,
-0.1564296875,
-0.009212890625,
-0.1543544921875,
-0.3247646484375,
-0.24334375,
0.0138583984375,
0.108951171875,
-0.15008203125,
-0.2478603515625,
0.00043066406250003,
0.1046787109375,
0.051333984375,
-0.102474609375,
-0.038265625,
-0.0164150390625,
0.0221591796875,
-0.014583984375,
0.026919921875,
0.1381259765625,
0.0629306640625,
0.008853515625,
0.17706640625,
0.2235751953125,
0.260806640625,
0.1049228515625,
-0.0823330078125,
0.071841796875,
0.4176669921875,
0.2697177734375,
0.0160556640625,
0.039126953125,
0.07648046875,
0.20538671875,
0.2970615234375,
0.200748046875,
0.044498046875,
0.0988193359375,
0.1439853515625,
0.2235751953125,
0.2396884765625,
0.029849609375,
-0.0254482421875,
0.02667578125,
0.1076083984375,
0.069888671875,
-0.098568359375,
-0.1145595703125,
0.00079687500000003,
-0.037044921875,
-0.132748046875,
-0.14617578125,
0.0092197265625,
-0.0469326171875,
-0.1724208984375,
-0.257015625,
-0.1179775390625,
0.09796484375,
-0.0767177734375,
-0.388607421875,
-0.2529873046875,
0.0734287109375,
0.0736728515625,
-0.179134765625,
-0.186458984375,
-0.27703515625,
-0.1448330078125,
-0.0418056640625,
-0.0244716796875,
-0.0171474609375,
-0.139828125,
-0.3818935546875,
-0.211849609375,
0.0477939453125,
0.1137119140625,
-0.1118740234375,
-0.1406826171875,
-0.1467861328125,
0.118228515625,
0.140201171875,
-0.0505947265625,
0.0095859375,
0.0304599609375,
0.0153232421875,
0.0177646484375,
0.025943359375,
0.0683017578125,
0.0886875,
-0.037044921875,
0.0701328125,
0.195865234375,
0.252505859375,
0.029849609375,
0.0050693359375,
0.141666015625,
0.391666015625,
0.1647373046875,
0.0097080078125,
0.080142578125,
0.16827734375,
0.141666015625,
0.194888671875,
0.1679111328125,
0.12921484375,
0.0333896484375,
0.06769140625,
0.183169921875,
0.241275390625,
0.149234375,
-0.0269130859375,
-0.131771484375,
-0.050716796875,
0.03351171875,
-0.161068359375,
-0.178646484375,
-0.02508203125,
-0.052181640625,
-0.184017578125,
-0.198421875,
-0.0776943359375,
0.09796484375,
-0.0549892578125,
-0.268001953125,
-0.108822265625,
0.163150390625,
-0.0042080078125,
-0.21648828125,
-0.1770595703125,
-0.071712890625,
-0.04021875,
-0.127865234375,
-0.201107421875,
-0.2761806640625,
-0.1323818359375,
-0.142025390625,
-0.140072265625,
-0.0195888671875,
0.001041015625,
-0.2053798828125,
-0.1184658203125,
0.0326572265625,
0.1278720703125,
0.0275302734375,
-0.1111416015625,
-0.11834375,
0.132388671875,
0.149478515625,
0.052310546875,
0.0404697265625,
0.0372958984375,
-0.006283203125,
-0.0064052734375,
0.166080078125,
0.217837890625,
0.012271484375,
-0.0820888671875,
0.0890537109375,
0.1539951171875,
0.2247958984375,
0.06769140625,
-0.089779296875,
0.0387607421875,
0.4074130859375,
0.2943759765625,
-0.01531640625,
0.060123046875,
0.1801181640625,
0.209048828125,
0.249087890625,
0.0365634765625,
-0.03582421875,
0.125796875,
0.06964453125,
0.016421875,
0.196353515625,
0.0800205078125,
-0.224544921875,
-0.1821865234375,
0.0060458984375,
0.0834384765625,
-0.0900234375,
-0.1668056640625,
-0.1531337890625,
-0.1289638671875,
-0.1154140625,
-0.0837978515625,
-0.0320400390625,
0.057193359375,
-0.155453125,
-0.2610439453125,
-0.1144375,
0.069400390625,
0.0145908203125,
-0.111263671875,
-0.2036708984375,
-0.129818359375,
-0.0586513671875,
-0.1907314453125,
-0.2161220703125,
-0.134212890625,
-0.13641015625,
-0.2698330078125,
-0.199154296875,
0.0387607421875,
0.12384375,
-0.1890224609375,
-0.155697265625,
0.062076171875,
0.188052734375,
0.0766025390625,
-0.0359462890625,
-0.0547451171875,
0.1901279296875,
0.1962314453125,
-0.0281337890625,
-0.114193359375,
0.00091894531250003,
-0.001400390625,
0.1364169921875,
0.21808203125,
0.101138671875,
0.02472265625,
0.001041015625,
0.0246005859375,
0.329166015625,
0.4359775390625,
0.12237890625,
-0.103451171875,
-0.0147060546875,
0.335025390625,
0.299380859375,
0.1925693359375,
0.122134765625,
0.0724521484375,
0.1034580078125,
0.209048828125,
0.12921484375,
0.1154208984375,
0.088443359375,
0.0187412109375,
-0.0068935546875,
0.1310458984375,
0.024478515625,
-0.147640625,
-0.1524013671875,
-0.0740322265625,
-0.02410546875,
-0.171810546875,
-0.2373623046875,
-0.1121181640625,
0.013736328125,
-0.03240625,
-0.120541015625,
-0.158626953125,
0.0302158203125,
-0.131771484375,
-0.1809658203125,
-0.0997890625,
0.110171875,
-0.07000390625,
-0.32146875,
-0.4202236328125,
-0.151302734375,
0.060611328125,
-0.0900234375,
-0.355404296875,
-0.2507900390625,
-0.136654296875,
-0.1310390625,
-0.038265625,
0.0319248046875,
0.0248447265625,
-0.136654296875,
-0.1033291015625,
0.0123935546875,
0.161685546875,
0.1209140625,
-0.0073818359375,
-0.0950283203125,
0.12384375,
0.1834140625,
0.08136328125,
0.0304599609375,
0.0922275390625,
0.033755859375,
0.132388671875,
0.1290927734375,
0.0800205078125,
0.112369140625,
0.03790625,
0.0609775390625,
0.3134189453125,
0.28009375,
0.036685546875,
-0.083919921875,
0.1417880859375,
0.46759375,
0.32843359375,
0.0495029296875,
0.00030859375000003,
0.1041904296875,
0.1100498046875,
0.091861328125,
0.0226474609375,
0.1095615234375,
0.073794921875,
-0.0244716796875,
-0.1379970703125,
0.0187412109375,
0.0751376953125,
-0.044125,
-0.1148037109375,
-0.0886806640625,
-0.026791015625,
-0.0703701171875,
-0.1135830078125,
-0.1121181640625,
-0.0562099609375,
-0.1133388671875,
-0.176693359375,
-0.070736328125,
0.089908203125,
-0.1450771484375,
-0.246029296875,
-0.182064453125,
0.00421484375,
0.050357421875,
-0.1079677734375,
-0.3191494140625,
-0.27117578125,
-0.071712890625,
-0.09344140625,
-0.1795009765625,
-0.161068359375,
-0.1681484375,
-0.0986904296875,
0.0119052734375,
0.0734287109375,
0.0584140625,
-0.1550869140625,
-0.1939052734375,
-0.001400390625,
0.3064609375,
0.2335849609375,
-0.0869716796875,
-0.17742578125,
0.047427734375,
0.192447265625,
0.113345703125,
0.01593359375,
0.00421484375,
-0.0369228515625,
0.0907626953125,
0.17023046875,
0.243228515625,
0.15509375,
-0.0503505859375,
0.0141025390625,
0.2921787109375,
0.3446689453125,
0.13507421875,
-0.0291103515625,
0.076236328125,
0.24640234375,
0.2641025390625,
0.0692783203125,
-0.1030849609375,
0.040591796875,
0.168521484375,
0.0692783203125,
-0.048275390625,
0.0685458984375,
0.0670810546875,
-0.0134853515625,
-0.04656640625,
0.0709873046875,
-0.00054589843749997,
-0.1050380859375,
-0.214291015625,
-0.109798828125,
0.02276953125,
-0.07586328125,
-0.2068447265625,
-0.06707421875,
-0.00054589843749997,
-0.0833095703125,
-0.1519130859375,
-0.0798916015625,
0.0326572265625,
-0.0706142578125,
-0.11883203125,
-0.1660732421875,
-0.073666015625,
-0.0142177734375,
-0.1470302734375,
-0.3003505859375,
-0.1899990234375,
-0.0520595703125,
-0.1106533203125,
-0.1047939453125,
0.0418125,
-0.1155361328125,
-0.20574609375,
-0.169857421875,
0.0507236328125,
0.18683203125,
0.0116611328125,
-0.2239345703125,
-0.0783046875,
0.2558017578125,
0.24640234375,
-0.052181640625,
-0.0867275390625,
0.0875888671875,
0.249087890625,
0.1930576171875,
0.02960546875,
-0.033138671875,
-0.0118984375,
0.1630283203125,
0.1588779296875,
0.2240634765625,
0.097232421875,
-0.00042382812499997,
0.0763583984375,
0.2755771484375,
0.2592197265625,
0.1439853515625,
-0.058529296875,
0.0730625,
0.2816806640625,
0.308169921875,
-0.0103115234375,
-0.11199609375,
0.0661044921875,
0.0907626953125,
0.0084873046875,
-0.0034755859375,
0.079654296875,
-0.0422939453125,
-0.12957421875,
-0.1326259765625,
-0.0432705078125,
-0.0068935546875,
-0.0632900390625,
-0.1956142578125,
-0.0588955078125,
0.043521484375,
-0.0161708984375,
-0.2000087890625,
-0.13738671875,
-0.0232509765625,
-0.0120205078125,
-0.174251953125,
-0.2131923828125,
-0.026302734375,
-0.038509765625,
-0.2234462890625,
-0.292416015625,
-0.106625,
0.121158203125,
-0.01629296875,
-0.297787109375,
-0.179134765625,
-0.04851953125,
-0.112728515625,
-0.112240234375,
0.0114169921875,
-0.1033291015625,
-0.0483974609375,
-0.0068935546875,
0.05011328125,
0.135806640625,
0.044986328125,
-0.15203515625,
0.041568359375,
0.2846103515625,
0.2116123046875,
-0.067806640625,
-0.1486171875,
0.075015625,
0.2728916015625,
0.158267578125,
-0.0386318359375,
0.0319248046875,
0.066470703125,
0.1942783203125,
0.2797275390625,
0.315494140625,
0.2077060546875,
0.070376953125,
0.0758701171875,
0.2980380859375,
0.314517578125,
0.1659580078125,
-0.00359765625,
0.0014072265625,
0.121890625,
0.2304111328125,
0.0145908203125,
-0.0449794921875,
0.10284765625,
0.0846591796875,
-0.081234375,
-0.1555751953125,
-0.0015224609375,
-0.01726953125,
-0.0676845703125,
-0.132259765625,
-0.1309169921875,
0.019595703125,
-0.0294765625,
-0.283626953125,
-0.139095703125,
0.0795322265625,
-0.027767578125,
-0.220150390625,
-0.1243251953125,
-0.069759765625,
-0.1017421875,
-0.1221279296875,
-0.2363857421875,
-0.1047939453125,
-0.0608486328125,
-0.188412109375,
-0.2363857421875,
-0.100765625,
0.036197265625,
-0.102474609375,
-0.3569912109375,
-0.323177734375,
-0.0974697265625,
0.0531650390625,
-0.0317958984375,
-0.1201748046875,
-0.1831630859375,
-0.0740322265625,
0.02569921875,
0.12042578125,
0.2738681640625,
0.0681796875,
-0.206234375,
0.0017734375,
0.2509189453125,
0.2208896484375,
-0.034115234375,
-0.0432705078125,
0.1072421875,
0.2472568359375,
0.1845126953125,
0.04620703125,
0.09308203125,
0.120181640625,
0.1478916015625,
0.2013583984375,
0.2479892578125,
0.15509375,
0.080142578125,
0.1150546875,
0.2540927734375,
0.2658115234375,
0.1386142578125,
-0.0088466796875,
0.017154296875,
0.2416416015625,
0.3471103515625,
-0.0237392578125,
-0.1622890625,
-0.0064052734375,
0.0036044921875,
-0.099056640625,
-0.0540126953125,
-0.068294921875,
-0.1406826171875,
-0.1626552734375,
-0.1631435546875,
-0.0586513671875,
0.13019140625,
-0.07683984375,
-0.250423828125,
-0.1753505859375,
0.018619140625,
0.0241123046875,
-0.1331142578125,
-0.142025390625,
-0.0684169921875,
-0.116634765625,
-0.164486328125,
-0.1851162109375,
-0.0933193359375,
-0.044369140625,
-0.2180751953125,
-0.342708984375,
-0.1768154296875,
0.1150546875,
-0.00457421875,
-0.153255859375,
-0.1123623046875,
0.0482822265625,
0.00091894531250003,
-0.1138271484375,
-0.0454677734375,
-0.0247158203125,
0.057193359375,
-0.010921875,
-0.00066796874999997,
0.1246982421875,
0.0018955078125,
-0.1245693359375,
0.119205078125,
0.28009375,
0.241275390625,
-0.043392578125,
-0.106869140625,
-0.00848046875,
0.30401953125,
0.252505859375,
-0.051205078125,
-0.113216796875,
0.0916171875,
0.1188388671875,
0.167056640625,
0.246158203125,
0.24640234375,
0.117740234375,
0.04132421875,
0.1176181640625,
0.30401953125,
0.27228125,
0.00018652343750003,
-0.0988125,
0.0162998046875,
0.1679111328125,
0.0177646484375,
-0.020931640625,
-0.0603603515625,
-0.0831875,
-0.087337890625,
-0.0264248046875,
-0.02996484375,
-0.0510830078125,
-0.0728115234375,
-0.0652431640625,
-0.095150390625,
0.0289951171875,
-0.118099609375,
-0.18816796875,
-0.1306728515625,
6.445312500003E-5,
-0.065365234375,
-0.1921962890625,
-0.113705078125,
-0.0933193359375,
-0.11004296875,
-0.1126064453125,
-0.2363857421875,
-0.07488671875,
0.054263671875,
-0.2462734375,
-0.345638671875,
-0.027767578125,
0.1137119140625,
-0.0568203125,
-0.186703125,
-0.2366298828125,
-0.0252041015625,
0.1862216796875,
0.0170322265625,
0.010806640625,
0.0213046875,
0.0158115234375,
0.035953125,
0.1100498046875,
0.167544921875,
0.1102939453125,
-0.09832421875,
-0.0381435546875,
0.2221103515625,
0.2929111328125,
0.038150390625,
-0.0730556640625,
0.0026279296875,
0.2706943359375,
0.231021484375,
-0.0037197265625,
0.0805087890625,
0.159,
0.135806640625,
0.1764560546875,
0.215640625,
0.211978515625,
0.104556640625,
0.0040927734375,
0.04620703125,
0.206607421875,
0.2162509765625,
-0.023861328125,
-0.038265625,
0.092349609375,
0.140689453125,
-0.06365625,
-0.120052734375,
-0.1528896484375,
-0.09734765625,
-0.0901455078125,
-0.151546875,
-0.10613671875,
0.0412021484375,
-0.02898828125,
-0.2210048828125,
-0.166439453125,
0.075015625,
0.0043369140625,
-0.06414453125,
-0.16180078125,
-0.1499599609375,
-0.0701259765625,
-0.0591396484375,
-0.135677734375,
-0.153255859375,
-0.1533779296875,
-0.25555078125,
-0.223568359375,
-0.049984375,
-0.0743984375,
-0.2356533203125,
-0.23016015625,
-0.09637109375,
0.0888095703125,
0.023501953125,
-0.1564296875,
-0.1511806640625,
0.08917578125,
0.1679111328125,
0.0387607421875,
0.06085546875,
0.069888671875,
0.056705078125,
0.0099521484375,
0.0329013671875,
0.1412998046875,
0.1564365234375,
-0.0138515625,
-0.059994140625,
0.1828037109375,
0.3410068359375,
0.1166416015625,
-0.0618251953125,
0.0092197265625,
0.3100009765625,
0.2623935546875,
0.081119140625,
0.0897861328125,
0.215640625,
0.1560703125,
0.137271484375,
0.1437412109375,
0.2340732421875,
0.1930576171875,
0.0302158203125,
-0.04754296875,
0.2343173828125,
0.25714453125,
-0.02459375,
-0.062923828125,
0.059146484375,
0.1022373046875,
0.04571875,
-0.1704677734375,
-0.2708095703125,
-0.0444912109375,
-0.0696376953125,
-0.1477626953125,
-0.1372646484375,
-0.0737880859375,
-0.1191982421875,
-0.1443447265625,
-0.14324609375,
0.016177734375,
-0.0071376953125,
-0.0254482421875,
-0.205501953125,
-0.0879482421875,
-0.019466796875,
-0.1447109375,
-0.253353515625,
-0.2007412109375,
-0.1863369140625,
-0.1838955078125,
-0.3020595703125,
-0.2158779296875,
-0.0632900390625,
-0.11980859375,
-0.146908203125,
-0.0029873046875,
0.0355869140625,
-0.0437587890625,
-0.0675625,
-0.0852626953125,
0.094791015625,
0.1072421875,
-0.0359462890625,
-0.02117578125,
0.0692783203125,
0.0365634765625,
0.0639072265625,
0.1043125,
0.179751953125,
0.148013671875,
0.043521484375,
-0.037044921875,
0.161685546875,
0.35675390625,
0.1452060546875,
-0.099544921875,
0.012271484375,
0.25421484375,
0.2341953125,
0.132876953125,
0.0658603515625,
0.1293369140625,
0.1745029296875,
0.1686435546875,
0.082828125,
0.2479892578125,
0.2103916015625,
0.035220703125,
-0.0607265625,
0.1361728515625,
0.2009921875,
0.0875888671875,
-0.0740322265625,
-0.1170009765625,
-0.0083583984375,
-0.0381435546875,
-0.186703125,
-0.1921962890625,
-0.125912109375,
-0.0877041015625,
-0.1193203125,
-0.1521572265625,
-0.0422939453125,
-0.0732998046875,
-0.1050380859375,
-0.0376552734375,
-0.0088466796875,
-0.0073818359375,
-0.0454677734375,
-0.190609375,
-0.174251953125,
-0.05144921875,
-0.056576171875,
-0.1968349609375,
-0.2170986328125,
-0.273373046875,
-0.2756923828125,
-0.111751953125,
0.01446875,
-0.0491298828125,
-0.24676171875,
-0.2241787109375,
-0.00066796874999997,
0.2048984375,
0.1181064453125,
-0.1751064453125,
-0.13152734375,
0.2263828125,
0.232974609375,
0.0037265625,
-0.0115322265625,
0.1225009765625,
0.114322265625,
0.0954013671875,
-0.0476650390625,
0.02862890625,
0.2284580078125,
0.12921484375,
-0.060970703125,
0.086734375,
0.23321875,
0.152408203125,
-0.0236171875,
-0.01531640625,
0.1852451171875,
0.2531162109375,
0.127017578125,
0.016421875,
0.04718359375,
0.0944248046875,
0.1898837890625,
0.14483984375,
0.216373046875,
0.0568271484375,
-0.0437587890625,
0.03448828125,
0.1981845703125,
0.051578125,
-0.080013671875,
-0.1460537109375,
-0.096859375,
-0.0361904296875,
-0.0784267578125,
-0.2261318359375,
-0.0989345703125,
-0.0066494140625,
-0.0591396484375,
-0.165462890625,
-0.1036953125,
0.0726962890625,
-0.066341796875,
-0.1663173828125,
-0.1353115234375,
-0.0147060546875,
0.104556640625,
-0.11053125,
-0.31365625,
-0.0859951171875,
0.0763583984375,
-0.0837978515625,
-0.2766689453125,
-0.139828125,
-0.154232421875,
-0.1301845703125,
-0.09637109375,
-0.044369140625,
-0.0274013671875,
-0.060970703125,
-0.13738671875,
-0.0665859375,
0.1795078125,
0.237857421875,
-0.0308193359375,
-0.1731533203125,
-0.00652734375,
0.1511875,
0.1698642578125,
0.0739169921875,
0.02960546875,
-0.0581630859375,
0.063296875,
0.071109375,
0.2379794921875,
0.2829013671875,
0.024478515625,
-0.1287197265625,
0.2267490234375,
0.3944736328125,
0.224673828125,
-0.0335048828125,
0.01398046875,
0.2047763671875,
0.317935546875,
0.1615634765625,
-0.0247158203125,
0.0473056640625,
0.1442294921875,
0.1422763671875,
0.069400390625,
0.1461826171875,
0.009341796875,
-0.101009765625,
-0.059505859375,
0.157291015625,
0.1207919921875,
-0.091732421875,
-0.3308681640625,
-0.1807216796875,
0.1010166015625,
0.100650390625,
-0.252376953125,
-0.2034267578125,
-0.11980859375,
-0.118099609375,
-0.137142578125,
-0.0708583984375,
-0.0217861328125,
-0.09539453125,
-0.121517578125,
-0.171810546875,
-0.0880703125,
0.0617099609375,
-0.1096767578125,
-0.2659267578125,
-0.194515625,
-0.054134765625,
-0.0811123046875,
-0.22771875,
-0.1134609375,
-0.1577724609375,
-0.087337890625,
-0.045833984375,
-0.0816005859375,
0.0189853515625,
0.0809970703125,
-0.0833095703125,
-0.038509765625,
0.110904296875,
0.1559482421875,
-0.0147060546875,
0.00079687500000003,
0.0949130859375,
0.1195712890625,
0.0343662109375,
0.015689453125,
0.126529296875,
0.018619140625,
0.04523046875,
0.01495703125,
0.140201171875,
0.250796875,
0.0447421875,
-0.0562099609375,
0.20050390625,
0.362857421875,
0.333072265625,
0.119693359375,
0.01886328125,
0.1443515625,
0.34112890625,
0.2138095703125,
0.03644140625,
0.1398349609375,
0.146060546875,
0.0419345703125,
0.0441318359375,
0.165591796875,
0.1298251953125,
-0.0339931640625,
-0.192806640625,
-0.073666015625,
0.0916171875,
-0.04070703125,
-0.2559169921875,
-0.2717861328125,
-0.0317958984375,
0.0451083984375,
-0.1592373046875,
-0.2130703125,
-0.1384853515625,
-0.0964931640625,
-0.091,
-0.103451171875,
-0.073666015625,
-0.0747646484375,
-0.143734375,
-0.24969140625,
-0.1720546875,
0.02228125,
-0.1121181640625,
-0.261654296875,
-0.2017177734375,
-0.0569423828125,
-0.124935546875,
-0.13445703125,
-0.1056484375,
-0.189388671875,
-0.1404384765625,
-0.077572265625,
-0.048763671875,
0.081607421875,
0.021060546875,
-0.127865234375,
0.027408203125,
0.2057529296875,
0.1505771484375,
-0.0376552734375,
-0.0361904296875,
0.0333896484375,
0.2350498046875,
0.0963779296875,
-0.0813564453125,
0.00616796875,
0.0759921875,
0.106509765625,
0.0861240234375,
0.153384765625,
0.2081943359375,
0.14776953125,
0.04425390625,
0.211001953125,
0.39776953125,
0.320376953125,
0.02862890625,
-0.0288662109375,
0.0988193359375,
0.30401953125,
0.127505859375,
0.016666015625,
0.1203037109375,
0.1371494140625,
0.0070224609375,
-0.00457421875,
0.0570712890625,
0.0526767578125,
-0.017513671875,
-0.1076015625,
-0.151791015625,
-0.0314296875,
-0.0197109375,
-0.149349609375,
-0.13738671875,
-0.01433984375,
-0.08367578125,
-0.253841796875,
-0.12762109375,
-0.1057705078125,
-0.052181640625,
-0.0696376953125,
-0.093685546875,
-0.061947265625,
-0.0415615234375,
-0.2717861328125,
-0.231625,
-0.00848046875,
0.0580478515625,
-0.1915859375,
-0.28387109375,
-0.2275966796875,
-0.0037197265625,
0.02960546875,
-0.088802734375,
-0.198177734375,
-0.1853603515625,
-0.0479091796875,
-0.004818359375,
0.0994296875,
0.085513671875,
-0.0132412109375,
-0.1470302734375,
0.006900390625,
0.255923828125,
0.238345703125,
-0.0470546875,
-0.0718349609375,
0.0746494140625,
0.2791171875,
0.1163974609375,
-0.0398525390625,
0.0680576171875,
0.150943359375,
0.09503515625,
-0.0308193359375,
0.0380283203125,
0.1752353515625,
0.1925693359375,
0.1264072265625,
0.1759677734375,
0.282046875,
0.270572265625,
0.004947265625,
-0.034359375,
0.1132236328125,
0.35821875,
0.1317783203125,
-0.0410732421875,
-0.0060390625,
0.040591796875,
0.0079990234375,
0.03839453125,
0.005923828125,
-0.009701171875,
-0.1486171875,
-0.1934169921875,
-0.134701171875,
0.0809970703125,
-0.0151943359375,
-0.221859375,
-0.231625,
-0.1290859375,
-0.061458984375,
-0.0547451171875,
-0.0195888671875,
-0.076107421875,
-0.133724609375,
-0.1321376953125,
-0.0283779296875,
0.06183203125,
0.0187412109375,
-0.3341640625,
-0.321224609375,
-0.042171875,
0.0416904296875,
-0.1831630859375,
-0.243099609375,
-0.11394921875,
0.067203125,
0.0058017578125,
-0.1738857421875,
-0.18426171875,
-0.0040859375,
0.0443759765625,
0.0447421875,
0.03839453125,
0.080142578125,
0.0634189453125,
-0.054623046875,
0.049625,
0.26007421875,
0.25812109375,
0.07355078125,
-0.12859765625,
-0.020931640625,
0.3644443359375,
0.2943759765625,
0.011783203125,
0.018619140625,
0.0568271484375,
0.034,
0.090884765625,
0.185123046875,
0.2365146484375,
0.205142578125,
0.004703125,
-0.02508203125,
0.2472568359375,
0.34503515625,
0.080630859375,
-0.014095703125,
0.0447421875,
0.1256748046875,
0.081119140625,
0.0465732421875,
0.025455078125,
0.0558505859375,
-0.030208984375,
-0.1860927734375,
-0.128109375,
0.059390625,
-0.0294765625,
-0.1404384765625,
-0.1953701171875,
0.0316806640625,
-0.004330078125,
-0.2117275390625,
-0.254330078125,
-0.0718349609375,
0.0255771484375,
-0.0894130859375,
-0.2156337890625,
-0.1980556640625,
-0.1388515625,
-0.067806640625,
-0.08172265625,
-0.0452236328125,
-0.090755859375,
-0.3601650390625,
-0.22137109375,
0.0111728515625,
0.1041904296875,
-0.135921875,
-0.2462734375,
-0.2550625,
-0.01336328125,
0.112369140625,
-0.057796875,
-0.1560634765625,
-0.026791015625,
-0.0288662109375,
0.0408359375,
0.113345703125,
0.13898046875,
0.050845703125,
-0.0166591796875,
0.0487705078125,
0.1906162109375,
0.26300390625,
0.13507421875,
-0.085140625,
0.0726962890625,
0.320865234375,
0.1847568359375,
0.0253330078125,
0.0558505859375,
0.1627841796875,
0.1752353515625,
0.1166416015625,
0.0885654296875,
0.1803623046875,
0.192447265625,
0.0971103515625,
0.0851474609375,
0.2162509765625,
0.1989169921875,
0.0419345703125,
-0.0794033203125,
0.0759921875,
0.2587314453125,
0.0662265625,
-0.124447265625,
-0.1690029296875,
-0.03240625,
0.034244140625,
-0.0562099609375,
-0.1235927734375,
0.011294921875,
-0.12225,
-0.165951171875,
-0.0569423828125,
0.055240234375,
-0.117611328125,
-0.180111328125,
-0.1895107421875,
-0.05828515625,
0.0058017578125,
-0.0767177734375,
-0.149349609375,
-0.150326171875,
-0.121029296875,
-0.089779296875,
-0.1362880859375,
-0.003841796875,
-0.083431640625,
-0.367611328125,
-0.294125,
-0.0701259765625,
0.0724521484375,
-0.0665859375,
-0.27996484375,
-0.3189052734375,
0.021548828125,
0.1388583984375,
-0.0457119140625,
-0.1204189453125,
0.0365634765625,
-0.0149501953125,
0.0243564453125,
0.035953125,
0.08624609375,
0.0382724609375,
0.01495703125,
0.0316806640625,
0.1525302734375,
0.2279697265625,
0.201236328125,
-0.0244716796875,
0.016177734375,
0.2748447265625,
0.2631259765625,
0.0331455078125,
0.0883212890625,
0.0936923828125,
0.0944248046875,
0.2079501953125,
0.2069736328125,
0.1786533203125,
0.12921484375,
0.05792578125,
0.0653720703125,
0.266421875,
0.2140537109375,
-0.0587734375,
-0.059017578125,
0.088443359375,
0.107486328125,
-0.0086025390625,
-0.1157802734375,
-0.0906337890625,
-0.0017666015625,
-0.0598720703125,
-0.1310390625,
-0.1077236328125,
0.1132236328125,
-0.0447353515625,
-0.2424892578125,
-0.1563076171875,
0.0385166015625,
0.037662109375,
-0.0997890625,
-0.34832421875,
-0.168880859375,
0.0980869140625,
0.0084873046875,
-0.164486328125,
-0.157650390625,
-0.167904296875,
-0.162533203125,
-0.0724453125,
0.0243564453125,
-0.0706142578125,
-0.3245205078125,
-0.25555078125,
0.055484375,
0.12726171875,
-0.041439453125,
-0.1841396484375,
-0.2192958984375,
0.0780673828125,
0.20538671875,
-0.044369140625,
-0.108578125,
0.0624423828125,
0.013736328125,
0.0563388671875,
0.0377841796875,
0.08722265625,
0.1332431640625,
0.103091796875,
-0.0327724609375,
0.159244140625,
0.3045078125,
0.16632421875,
-0.0730556640625,
0.0160556640625,
0.231509765625,
0.24640234375,
0.0392490234375,
-0.045833984375,
0.0084873046875,
0.173404296875,
0.2111240234375,
0.079166015625,
0.15167578125,
0.0980869140625,
0.0105625,
0.0763583984375,
0.201724609375,
0.1681552734375,
0.0309482421875,
-0.0877041015625,
-0.04168359375,
0.089908203125,
0.067447265625,
-0.1504482421875,
-0.1113857421875,
0.0065341796875,
-0.0911220703125,
-0.15398828125,
-0.0818447265625,
0.0878330078125,
-0.094662109375,
-0.2346767578125,
-0.1829189453125,
0.001041015625,
0.0692783203125,
-0.068294921875,
-0.29070703125,
-0.1389736328125,
0.01202734375,
-0.064876953125,
-0.18475,
-0.0569423828125,
-0.11785546875,
-0.1331142578125,
-0.1240810546875,
-0.05730859375,
-0.0158046875,
-0.1648525390625,
-0.2554287109375,
-0.095150390625,
0.1051669921875,
0.0758701171875,
-0.1719326171875,
-0.2482265625,
0.0646396484375,
0.2023349609375,
0.07843359375,
-0.0425380859375,
0.008853515625,
0.0115390625,
0.0944248046875,
0.0919833984375,
0.1818271484375,
0.13898046875,
-0.029232421875,
-0.0947841796875,
0.23956640625,
0.345279296875,
0.170962890625,
-0.0474208984375,
-0.0176357421875,
0.2057529296875,
0.4303623046875,
0.1945224609375,
-0.0571865234375,
0.0246005859375,
0.205142578125,
0.2606845703125,
0.1112705078125,
0.0123935546875,
-0.0234951171875,
0.074283203125,
0.059146484375,
0.1183505859375,
0.12140234375,
-0.0503505859375,
-0.107845703125,
0.050845703125,
0.104556640625,
-0.006771484375,
-0.2180751953125,
-0.0960048828125,
0.0214267578125,
-0.0314296875,
-0.177669921875,
-0.202572265625,
-0.0635341796875,
-0.0801357421875,
-0.1299404296875,
-0.092953125,
-0.081234375,
0.0097080078125,
-0.070248046875,
-0.2500576171875,
-0.179623046875,
-0.028744140625,
-0.128109375,
-0.1982998046875,
-0.05730859375,
-0.128109375,
-0.2463955078125,
-0.232357421875,
-0.096126953125,
0.0261875,
-0.0806240234375,
-0.2839931640625,
-0.084896484375,
0.168033203125,
0.1686435546875,
-0.1555751953125,
-0.18523828125,
0.0736728515625,
0.2619052734375,
0.1127353515625,
-0.1047939453125,
-0.109798828125,
-0.0203212890625,
0.0766025390625,
0.1266513671875,
0.1195712890625,
0.1452060546875,
0.122134765625,
0.008365234375,
0.16046484375,
0.3646884765625,
0.2088046875,
0.0255771484375,
0.025943359375,
0.1580234375,
0.32745703125,
0.1345859375,
-0.0613369140625,
0.0470615234375,
0.20148046875,
0.1669345703125,
0.1527744140625,
0.1884189453125,
0.137515625,
0.1200595703125,
0.162662109375,
0.11554296875,
0.0834384765625,
0.0214267578125,
-0.0584072265625,
-0.0811123046875,
0.0111728515625,
-0.058529296875,
-0.219173828125,
-0.088802734375,
-0.0938076171875,
-0.2097744140625,
-0.1759609375,
-0.0900234375,
0.04132421875,
-0.0186123046875,
-0.2951015625,
-0.2551845703125,
-0.0372890625,
0.14191015625,
-0.1631435546875,
-0.3777431640625,
-0.2322353515625,
0.0231357421875,
-0.0032314453125,
-0.1946376953125,
-0.1956142578125,
-0.1935390625,
-0.10613671875,
-0.0400966796875,
-0.0691494140625,
-0.0618251953125,
-0.096615234375,
-0.2446865234375,
-0.104916015625,
0.09601171875,
0.1439853515625,
-0.11199609375,
-0.150814453125,
-0.0344814453125,
0.208072265625,
0.142642578125,
-0.0464443359375,
-0.03387109375,
0.04523046875,
0.1425205078125,
0.1854892578125,
0.109927734375,
0.00067480468750003,
-0.057552734375,
-0.003109375,
0.26446875,
0.276431640625,
0.156314453125,
0.073306640625,
0.0486484375,
0.1713291015625,
0.394595703125,
0.1502109375,
0.013248046875,
0.146548828125,
0.230044921875,
0.068912109375,
0.046451171875,
0.112125,
0.100162109375,
0.063296875,
0.0277744140625,
-0.03582421875,
0.0919833984375,
0.0709873046875,
-0.12762109375,
-0.0593837890625,
0.0116611328125,
-0.0772060546875,
-0.21258203125,
-0.0549892578125,
-0.0505947265625,
-0.06121484375,
-0.1919521484375,
-0.1631435546875,
0.0116611328125,
0.0214267578125,
-0.2031826171875,
-0.1995205078125,
-0.0159267578125,
0.17413671875,
-0.1248134765625,
-0.352962890625,
-0.2473720703125,
0.028384765625,
0.0133701171875,
-0.1975673828125,
-0.2720302734375,
-0.3171962890625,
-0.1814541015625,
-0.048763671875,
-0.00555078125,
0.0014072265625,
-0.04803125,
-0.235775390625,
-0.0225185546875,
0.269595703125,
0.2868076171875,
-0.016048828125,
-0.1087001953125,
-0.0645107421875,
0.2289462890625,
0.2145419921875,
0.02765234375,
0.0177646484375,
0.0759921875,
0.0670810546875,
0.085513671875,
0.186587890625,
0.1248203125,
-0.039486328125,
0.088443359375,
0.2955966796875,
0.3103671875,
0.105044921875,
-0.111263671875,
-0.0237392578125,
0.2752109375,
0.389224609375,
0.0521884765625,
-0.1148037109375,
0.03644140625,
0.1957431640625,
0.1404453125,
0.061587890625,
0.0607333984375,
0.117984375,
0.03155859375,
-0.0335048828125,
-0.0979580078125,
0.1095615234375,
0.065005859375,
-0.189388671875,
-0.272884765625,
-0.02898828125,
0.022525390625,
-0.1592373046875,
-0.163998046875,
-0.1851162109375,
-0.137875,
-0.0637783203125,
-0.10516015625,
-0.04168359375,
0.082828125,
-0.1365322265625,
-0.2214931640625,
-0.1257900390625,
-0.0249599609375,
-0.1279873046875,
-0.152279296875,
-0.1848720703125,
-0.050228515625,
-0.0841640625,
-0.2063564453125,
-0.1577724609375,
-0.11101953125,
-0.1296962890625,
-0.09148828125,
-0.0242275390625,
0.125064453125,
-0.0051845703125,
-0.22918359375,
-0.089291015625,
0.30304296875,
0.320865234375,
0.0055576171875,
-0.193294921875,
-0.1123623046875,
0.2287021484375,
0.267642578125,
0.0651279296875,
0.0173984375,
0.113833984375,
0.1131015625,
0.1248203125,
0.2420078125,
0.2396884765625,
0.104556640625,
0.067203125,
0.065005859375,
0.2785068359375,
0.33917578125,
0.1388583984375,
-0.044125,
0.1264072265625,
0.2601962890625,
0.100162109375,
-0.0372890625,
0.08917578125,
0.1520419921875,
0.0985751953125,
0.00043066406250003,
-0.0764736328125,
-0.0051845703125,
-0.0127529296875,
-0.097591796875,
-0.098568359375,
0.035220703125,
-0.0298427734375,
-0.1607021484375,
-0.19109765625,
-0.0372890625,
-0.019466796875,
-0.072201171875,
-0.0994228515625,
-0.13543359375,
-0.126888671875,
-0.0920986328125,
-0.1414150390625,
-0.07391015625,
0.02569921875,
-0.2618984375,
-0.28582421875,
-0.1113857421875,
0.0119052734375,
-0.1321376953125,
-0.2478603515625,
-0.376400390625,
-0.0925869140625,
0.0255771484375,
-0.0916103515625,
-0.1724208984375,
-0.089046875,
-0.1043056640625,
-0.11980859375,
-0.0205654296875,
0.114322265625,
0.047671875,
-0.130794921875,
-0.06805078125,
0.17023046875,
0.2140537109375,
0.057193359375,
-0.1448330078125,
-0.0955166015625,
0.3234287109375,
0.284732421875,
0.0341220703125,
-0.05633203125,
0.0965,
0.1266513671875,
0.225650390625,
0.1676669921875,
0.1466708984375,
0.121646484375,
0.1775546875,
0.210025390625,
0.354556640625,
0.1950107421875,
0.0414462890625,
0.051333984375,
0.1972080078125,
0.219302734375,
0.073794921875,
0.0224033203125,
0.059634765625,
0.04913671875,
0.0578037109375,
0.0121494140625,
-0.0027431640625,
0.1115146484375,
-0.028744140625,
-0.1665615234375,
-0.172298828125,
0.0160556640625,
0.0033603515625,
-0.1675380859375,
-0.2329677734375,
-0.0144619140625,
-0.0027431640625,
-0.1675380859375,
-0.1716884765625,
-0.136654296875,
-0.1333583984375,
-0.1897548828125,
-0.1946376953125,
-0.018001953125,
0.0382724609375,
-0.3130458984375,
-0.3267177734375,
-0.0764736328125,
0.0402255859375,
-0.0354580078125,
-0.166439453125,
-0.3223232421875,
-0.0732998046875,
0.081119140625,
-0.075375,
-0.2310146484375,
-0.0501064453125,
-0.075619140625,
-0.0974697265625,
-0.030697265625,
0.1212802734375,
0.0744052734375,
-0.0933193359375,
-0.1544765625,
0.1225009765625,
0.277896484375,
0.14972265625,
-0.1343349609375,
-0.0742763671875,
0.2179599609375,
0.2272373046875,
0.05108984375,
-0.00091210937499997,
0.0766025390625,
0.1642490234375,
0.30499609375,
0.1928134765625,
0.1161533203125,
0.08917578125,
0.173892578125,
0.1823154296875,
0.3170810546875,
0.179263671875,
0.0675693359375,
0.0602451171875,
0.174380859375,
0.1701083984375,
0.0433994140625,
-0.0579189453125,
0.049380859375,
-0.003109375,
-0.05584375,
-0.13836328125,
-0.0291103515625,
0.1234775390625,
-0.091,
-0.2842373046875,
-0.0918544921875,
0.140201171875,
0.0514560546875,
-0.175716796875,
-0.206966796875,
-0.0918544921875,
-0.0099453125,
-0.092220703125,
-0.2385830078125,
-0.0503505859375,
0.0704990234375,
-0.1272548828125,
-0.281185546875,
-0.122005859375,
0.0438876953125,
-0.0454677734375,
-0.1694912109375,
-0.2290615234375,
-0.0549892578125,
0.066958984375,
-0.1925625,
-0.370541015625,
-0.034115234375,
0.1940341796875,
-0.0427822265625,
-0.1760830078125,
0.004458984375,
-0.0112880859375,
0.085025390625,
0.0614658203125,
0.0477939453125,
0.0438876953125,
-0.0051845703125,
-0.0071376953125,
0.147525390625,
0.191958984375,
0.0324130859375,
-0.0994228515625,
0.074283203125,
0.2146640625,
0.2449375,
0.102359375,
0.0193515625,
0.145328125,
0.178775390625,
0.1383701171875,
0.075259765625,
0.2313876953125,
0.1915927734375,
0.117251953125,
0.05304296875,
0.22589453125,
0.2308994140625,
0.089908203125,
-0.0317958984375,
0.07941015625,
0.090640625,
0.1268955078125,
-0.0283779296875,
-0.1016201171875,
-0.054623046875,
-0.027767578125,
-0.131771484375,
-0.129818359375,
-0.0203212890625,
-0.1751064453125,
-0.2131923828125,
-0.1043056640625,
-0.0112880859375,
-0.0147060546875,
-0.1143154296875,
-0.21453515625,
-0.0735439453125,
0.12384375,
-0.0320400390625,
-0.2178310546875,
-0.10027734375,
-0.1310390625,
-0.11590234375,
-0.11004296875,
-0.182552734375,
-0.1824306640625,
-0.1550869140625,
-0.2130703125,
-0.139095703125,
-0.00945703125,
0.0021396484375,
-0.0713466796875,
-0.1134609375,
0.0238681640625,
0.135806640625,
0.0038486328125,
-0.1329921875,
-0.017025390625,
-0.0652431640625,
0.042056640625,
0.112857421875,
0.124087890625,
0.0358310546875,
-0.053646484375,
-0.0427822265625,
0.1815830078125,
0.3295322265625,
0.119693359375,
-0.184505859375,
0.0477939453125,
0.31525,
0.279849609375,
0.0355869140625,
-0.0681728515625,
0.072330078125,
0.197818359375,
0.2350498046875,
0.143619140625,
0.2584873046875,
0.161197265625,
0.0524326171875,
0.1505771484375,
0.2750888671875,
0.214419921875,
0.0766025390625,
-0.0930751953125,
-0.0107998046875,
0.11847265625,
0.1010166015625,
-0.1431240234375,
-0.1154140625,
-0.0391201171875,
-0.027279296875,
-0.115169921875,
-0.090267578125,
-0.0769619140625,
-0.146419921875,
-0.159115234375,
-0.018734375,
0.0067783203125,
0.01202734375,
-0.154232421875,
-0.1769375,
-0.0930751953125,
0.01398046875,
-0.144955078125,
-0.228939453125,
-0.1550869140625,
-0.0789150390625,
-0.128841796875,
-0.1535,
-0.11492578125,
-0.1318935546875,
-0.2598232421875,
-0.2327236328125,
-0.0920986328125,
0.048404296875,
0.04523046875,
-0.2402919921875,
-0.306087890625,
-0.025814453125,
0.2262607421875,
0.0360751953125,
-0.0186123046875,
0.014224609375,
-0.0665859375,
0.0119052734375,
0.0935703125,
0.1355625,
0.1681552734375,
0.063541015625,
-0.1095546875,
0.036197265625,
0.2604404296875,
0.1315341796875,
-0.0479091796875,
0.07843359375,
-0.144955078125,
-0.228939453125,
-0.1550869140625,
-0.0789150390625,
-0.128841796875,
-0.1535,
-0.11492578125,
-0.1318935546875,
-0.2598232421875,
-0.2327236328125,
-0.0920986328125,
0.048404296875,
0.04523046875,
-0.2402919921875,
-0.306087890625,
-0.025814453125,
0.2262607421875,
0.0360751953125,
-0.0186123046875,
0.014224609375,
-0.0665859375,
0.0119052734375,
0.0935703125,
0.1355625,
0.1681552734375,
0.063541015625,
-0.1095546875,
0.036197265625,
0.2604404296875,
0.1315341796875,
-0.0479091796875,
0.07843359375,
-0.25164453125,
-0.2048916015625,
0.02228125,
-0.10906640625,
-0.2573818359375,
-0.1622890625,
-0.202572265625,
-0.2202724609375,
-0.20574609375,
-0.1856044921875,
-0.08562890625,
-0.0410732421875,
-0.2031826171875,
-0.1450771484375,
0.0602451171875,
0.06915625,
-0.1104091796875,
-0.096859375,
0.056216796875,
0.192935546875,
0.0211826171875,
-0.148373046875,
-0.1212734375,
0.0392490234375,
0.1412998046875,
0.04425390625,
0.1150546875,
0.13165625,
0.0304599609375,
-0.070248046875,
0.09308203125,
0.2880283203125,
0.210025390625,
0.031314453125,
0.04523046875,
0.105533203125,
0.215884765625,
0.0922275390625,
0.095767578125,
0.1517978515625,
0.1754794921875,
0.0905185546875,
0.105044921875,
0.2654453125,
0.16730078125,
-0.0020107421875,
0.0365634765625,
0.135318359375,
0.2374912109375,
0.0912509765625,
-0.11834375,
-0.1253017578125,
0.07062109375,
0.1220126953125,
-0.1250576171875,
-0.07391015625,
-0.056576171875,
-0.095150390625,
-0.040951171875,
-0.0867275390625,
-0.17058984375,
-0.12078515625,
-0.184017578125,
-0.158626953125,
0.0075107421875,
0.0779453125,
-0.1289638671875,
-0.237728515625,
-0.176205078125,
0.040591796875,
0.011783203125,
-0.10418359375,
-0.1544765625,
-0.22234765625,
-0.1931728515625,
-0.1160244140625,
-0.07488671875,
-0.049740234375,
-0.1672939453125,
-0.306576171875,
-0.1094326171875,
0.1515537109375,
0.116275390625,
-0.133236328125,
-0.2141689453125,
0.005435546875,
0.3173251953125,
0.179263671875,
-0.1040615234375,
-0.08465234375,
0.0863681640625,
0.1110263671875,
0.0497470703125,
0.0683017578125,
0.224673828125,
0.1853671875,
0.010318359375,
0.04523046875,
0.235171875,
0.2322421875,
0.1605869140625,
0.0260654296875,
0.0675693359375,
0.2301669921875,
0.0880771484375,
-0.0081142578125,
0.1293369140625,
0.1613193359375,
0.0590244140625,
0.0853916015625,
0.1749912109375,
0.18780859375,
0.0617099609375,
0.03448828125,
0.061587890625,
0.1725498046875,
0.0128818359375,
-0.1917080078125,
-0.22625390625,
0.0460849609375,
0.0226474609375,
-0.16961328125,
-0.1401943359375,
-0.1167568359375,
-0.1116298828125,
-0.0112880859375,
-0.0431484375,
-0.035091796875,
-0.038265625,
-0.225521484375,
-0.20379296875,
-0.0212978515625,
0.1095615234375,
-0.0571865234375,
-0.25652734375,
-0.2759365234375,
-0.041439453125,
0.015689453125,
-0.130794921875,
-0.1921962890625,
-0.1145595703125,
-0.159115234375,
-0.1624111328125,
-0.15496484375,
0.00812109375,
-0.002376953125,
-0.147884765625,
-0.2033046875,
0.00665625,
0.1144443359375,
0.061099609375,
0.0255771484375,
0.0043369140625,
0.0902744140625,
0.088443359375,
-0.0471767578125,
-0.0046962890625,
0.168521484375,
0.0849033203125,
-0.0099453125,
-0.0024990234375,
0.1775546875,
0.1459384765625,
0.1066318359375,
0.084048828125,
0.2215,
0.30304296875,
0.1610751953125,
-0.0317958984375,
0.126041015625,
0.356998046875,
0.286197265625,
0.151431640625,
0.07257421875,
-0.0059169921875,
0.054751953125,
